title,count
spatial,15435
image,14174
multi,11704
model,10163
dimension,8683
analysis,6821
data,6669
network,5909
3D,5814
fractal,5320
system,4959
urban,4064
space,3990
process,3743
information,3041
hyperspectral,2926
structure,2831
learning,2793
GIS,2791
visual,2774
optical,2755
feature,2755
detection,2679
classification,2660
video,2622
transform,2602
sensing,2527
spectral,2204
dynamic,2201
method,2185
AI,2166
time,2148
pattern,2128
distribution,2126
map,2089
high,2014
field,2014
estimate,1862
cluster,1862
auto,1862
recognition,1843
filter,1824
light,1804
reduction,1786
resolution,1767
real,1729
landscape,1708
compress,1693
mimo,1691
function,1690
Remote Sensing,1672
local,1672
simulation,1558
reconstruction,1558
algorithm,1558
design,1539
correlation,1539
temporal,1482
digital,1482
convolution,1463
segmentation,1425
index,1425
control,1425
scale,1406
virtual,1387
laser,1387
interaction,1387
deep,1368
component,1368
signal,1354
environment,1349
wavelet,1311
graph,1311
equation,1307
city,1292
channel,1292
region,1270
microscope,1254
sensor,1244
spatio,1235
array,1235
three,1216
surface,1216
measurement,1216
land,1216
display,1216
vector,1197
social,1197
geographic,1178
depth,1159
beam,1159
development,1141
tomography,1140
matrix,1140
human,1140
wave,1119
plann,1117
fusion,1102
adaptive,1102
theory,1083
object,1083
motion,1083
extraction,1083
complex,1083
view,1045
use,1045
quality,1045
management,1044
optimization,1026
character,1026
machine,1007
effect,1007
architecture,1007
water,988
sparse,988
self,988
project,988
nonlinear,988
match,988
geometry,970
scan,969
prediction,969
phase,969
flow,969
radar,931
active,931
representation,912
point,912
in,912
change,912
texture,893
power,893
linear,893
finite,893
area,893
energy,874
decomposition,874
computer,874
soil,855
noise,855
element,855
communication,855
traffic,836
methods,836
culture,836
attention,836
random,817
principal,817
modulation,817
knowledge,817
domain,817
database,817
transport,798
mining,798
metrology,798
fiber,798
critical,798
cloud,798
density,797
support,779
source,779
fourier,779
error,779
frequency,760
antenna,760
diffusion,758
line,744
x,741
two,741
tracking,741
super,741
semantic,741
particle,741
global,741
spectrum,722
quantum,722
partial,722
tensor,703
spectroscopy,703
computing,703
code,703
wireless,684
detector,684
action,684
service,682
low,665
kernel,665
camera,665
assessment,665
stochastic,646
distance,646
spatiotemporal,627
brain,627
target,608
registration,608
interpolation,608
building,608
roughness,606
web,589
parallel,589
optics,589
location,589
k,589
cell,589
magnetic,570
interference,570
vision,551
scattering,551
fuzzy,551
box,551
selection,532
monitoring,532
lidar,532
infrared,532
heritage,532
grid,532
retrieval,513
perception,513
pca,513
mobile,513
integration,513
cd,513
augmented,513
ultrasound,494
stereo,494
identification,494
education,494
differential,494
based,494
temperature,475
technology,475
speckle,475
similarity,475
memory,475
massive,475
forest,475
evaluation,475
engineering,475
electron,475
edge,475
cancer,475
boundary,475
decision,471
volume,456
size,456
resonance,456
performance,456
large,456
discrete,456
calibration,456
synthetic,437
rate,437
micro,437
medical,437
efficiency,437
variation,418
variability,418
turbulence,418
smart,418
small,418
shape,418
river,418
near,418
inverse,418
growth,418
computational,418
coherence,418
artificial,418
series,399
road,399
range,399
problems,399
problem,399
orthogonal,399
numerical,399
morphology,399
interface,399
hybrid,399
free,399
emission,399
crystal,399
color,399
capacity,399
aperture,399
tree,380
statistics,380
statistical,380
single,380
search,380
satellite,380
propagation,380
physical,380
open,380
movement,380
level,380
geo,380
gaussian,380
face,380
event,380
diversity,380
continuous,380
big,380
behavior,380
trajectory,361
tourism,361
to,361
thermal,361
software,361
set,361
science,361
scene,361
sampling,361
rendering,361
radiation,361
policy,361
polarization,361
plasma,361
parameter,361
on,361
mobility,361
mechanism,361
markov,361
lithography,361
korean,361
integral,361
industry,361
hierarchical,361
entropy,361
direction,361
difference,361
damage,361
value,342
sustainable,342
risk,342
regression,342
moving,342
mode,342
material,342
mask,342
life,342
ism,342
interactive,342
group,342
gas,342
full,342
expansion,342
evolution,342
eeg,342
cognitive,342
block,342
bayesian,342
angle,342
spectrometer,323
s,323
query,323
public,323
place,323
optimal,323
modulator,323
least,323
joint,323
holography,323
dual,323
diffraction,323
ct,323
chaos,323
cardiac,323
b,323
art,323
factor,321
with,304
vertical,304
transfer,304
subspace,304
state,304
security,304
research,304
relationship,304
ratio,304
radio,304
probe,304
probability,304
photogrammetry,304
natural,304
mixed,304
metrics,304
media,304
maximum,304
manufacturing,304
lte,304
long,304
heterogeneity,304
h,304
geography,304
for,304
correction,304
community,304
co,304
cellular,304
approximation,304
allocation,304
aerial,304
synthesis,285
svm,285
stress,285
r,285
product,285
navigation,285
monte,285
interferometry,285
inspection,285
identity,285
holographic,285
grating,285
generation,285
feedback,285
fast,285
enhancement,285
embedding,285
e,285
division,285
content,285
construction,285
collaborative,285
accuracy,285
ion,284
weighted,266
warehouse,266
vegetation,266
topological,266
technique,266
sustainability,266
speed,266
sequence,266
seismic,266
sar,266
rule,266
restoration,266
response,266
resource,266
population,266
new,266
minimum,266
mean,266
manifold,266
intelligence,266
ground,266
geospatial,266
geological,266
generalized,266
fluorescence,266
fault,266
economic,266
direct,266
band,266
application,266
angular,266
ecosystem,262
visible,247
unsupervised,247
topology,247
sub,247
shift,247
rank,247
pyramid,247
production,247
path,247
order,247
lattice,247
l,247
invariant,247
gradient,247
force,247
experience,247
discharge,247
denoising,247
deformation,247
cross,247
crop,247
covariance,247
constraint,247
compensation,247
carlo,247
approach,247
alignment,247
acoustic,247
vehicle,228
variable,228
uncertainty,228
type,228
transmission,228
transition,228
topography,228
testing,228
stability,228
solid,228
signature,228
semi,228
rs,228
resources,228
residual,228
regeneration,228
reaction,228
re,228
ray,228
pulse,228
principle,228
precoding,228
potential,228
pixel,228
one,228
neutron,228
national,228
nano,228
music,228
mass,228
layer,228
law,228
language,228
internet,228
industrial,228
housing,228
history,228
historical,228
game,228
earth,228
diagnosis,228
device,228
demand,228
cover,228
cognition,228
breast,228
binary,228
basin,228
m,210
thin,209
swarm,209
stereoscopic,209
squares,209
sensitivity,209
recovery,209
reasoning,209
programming,209
plane,209
ndvi,209
mixture,209
mirror,209
mental,209
machines,209
likelihood,209
landsat,209
kalman,209
integrated,209
infrastructure,209
independent,209
formation,209
food,209
fluid,209
fire,209
factors,209
factorization,209
defect,209
cube,209
counting,209
cooperative,209
compact,209
climate,209
chain,209
behaviour,209
assimilation,209
euclidean,191
world,190
vulnerability,190
vehicles,190
variance,190
test,190
synchronization,190
subtraction,190
short,190
separation,190
scheme,190
robustness,190
profile,190
probabilistic,190
pressure,190
photography,190
perceptual,190
ocean,190
mu,190
mixing,190
mine,190
migration,190
metric,190
loss,190
landslide,190
lake,190
intensity,190
inference,190
indoor,190
hologram,190
green,190
frame,190
fractional,190
forecasting,190
fmri,190
flood,190
electrical,190
ecology,190
discriminant,190
d,190
coupling,190
cosmology,190
contrast,190
context,190
computation,190
chinese,190
chemical,190
carbon,190
body,190
back,190
atmospheric,190
animation,190
animal,190
aggregation,190
agglomeration,190
additive,190
acquisition,190
absorption,190
waste,171
velocity,171
uav,171
tools,171
tool,171
text,171
territorial,171
terrain,171
techniques,171
synchrotron,171
storytelling,171
speech,171
sparsity,171
spaces,171
slope,171
selective,171
regularization,171
radiography,171
radial,171
quantitative,171
property,171
post,171
pose,171
planar,171
photonic,171
photoacoustic,171
parametric,171
parameters,171
observation,171
narrative,171
n,171
morphological,171
millimeter,171
mechanics,171
measuring,171
measure,171
market,171
liquid,171
linewidth,171
library,171
intra,171
interfaces,171
innovation,171
heat,171
heart,171
governance,171
general,171
gabor,171
framework,171
form,171
film,171
extreme,171
expression,171
encoding,171
elevation,171
elements,171
electric,171
earthquake,171
double,171
dispersion,171
descriptor,171
csi,171
creative,171
convex,171
contextual,171
connectivity,171
condition,171
conceptual,171
computed,171
chaotic,171
center,171
cadastre,171
blood,171
belief,171
applications,171
anomaly,171
algebra,171
airborne,171
access,171
zone,152
window,152
weather,152
vibration,152
unit,152
uniformity,152
uniform,152
turn,152
tissue,152
t,152
study,152
strain,152
steering,152
static,152
spot,152
spatially,152
singular,152
silicon,152
scheduling,152
rotation,152
relations,152
quantization,152
qualitative,152
protection,152
properties,152
prism,152
presentation,152
positron,152
porous,152
porosity,152
pollution,152
plus,152
plenoptic,152
plant,152
photon,152
phenomena,152
perspective,152
person,152
p,152
output,152
ontology,152
ofdm,152
neighbor,152
nearest,152
molecular,152
modern,152
matter,152
mathematical,152
materials,152
logistics,152
logic,152
lens,152
length,152
laplacian,152
kriging,152
key,152
intelligent,152
hyper,152
histogram,152
health,152
hardware,152
groundwater,152
gpu,152
gps,152
glass,152
gesture,152
garden,152
focus,152
first,152
fd,152
exponent,152
electromagnetic,152
economy,152
ecological,152
drawing,152
disparity,152
disaster,152
diffuse,152
dem,152
current,152
coupled,152
contents,152
contact,152
constraints,152
configuration,152
composite,152
comparative,152
coefficient,152
cmos,152
class,152
china,152
central,152
c,152
background,152
association,152
air,152
agriculture,152
agent,152
adversarial,152
accessibility,152
acceleration,152
work,133
wetland,133
weight,133
wavefront,133
volumetric,133
unmanned,133
trend,133
travel,133
total,133
thinking,133
symmetry,133
switching,133
suppression,133
square,133
spherical,133
sound,133
society,133
sliding,133
sediment,133
schrodinger,133
school,133
scalable,133
satisfaction,133
robot,133
reservoir,133
reduced,133
privacy,133
policies,133
plate,133
plan,133
pedestrian,133
patch,133
passive,133
partitioning,133
outlier,133
organization,133
operations,133
online,133
mutual,133
motor,133
metaphor,133
making,133
lstm,133
korea,133
kinetic,133
kinematics,133
interest,133
insulated,133
input,133
incremental,133
illumination,133
i,133
heterogeneous,133
head,133
hausdorff,133
gender,133
from,133
fpga,133
four,133
fitting,133
fading,133
extended,133
exposure,133
experimental,133
erosion,133
encryption,133
empirical,133
emergency,133
electronic,133
driving,133
district,133
dielectric,133
delay,133
defects,133
coordinates,133
conversion,133
convergence,133
consistency,133
conservation,133
confocal,133
conflict,133
collaboration,133
coastal,133
circular,133
charge,133
ccd,133
boltzmann,133
base,133
anisotropic,133
al,133
agricultural,133
advanced,133
z,114
wind,114
whole,114
wavelength,114
watermarking,114
vr,114
voxel,114
variogram,114
values,114
unmixing,114
turbulent,114
triangular,114
traditional,114
trade,114
tracer,114
topic,114
top,114
technologies,114
switchgear,114
survey,114
surveillance,114
strategy,114
strategies,114
storage,114
standard,114
sports,114
spectrograph,114
solutions,114
soliton,114
snow,114
snapshot,114
sm,114
skeleton,114
sequential,114
sense,114
second,114
scientific,114
routing,114
rock,114
robust,114
right,114
renyi,114
reliability,114
reflectance,114
recurrent,114
rainfall,114
pulsed,114
proximity,114
protein,114
preserving,114
precision,114
pre,114
practice,114
poverty,114
position,114
politics,114
platform,114
plasticity,114
plants,114
pet,114
parallax,114
packet,114
oxygen,114
orientation,114
oil,114
occlusion,114
null,114
nuclear,114
north,114
neurons,114
neighborhood,114
mv,114
minkowski,114
metal,114
mesh,114
medium,114
manipulator,114
mammography,114
lossy,114
loop,114
load,114
limited,114
lateral,114
join,114
iterative,114
internal,114
inequality,114
indices,114
indicators,114
indicator,114
incomplete,114
ideal,114
hydrology,114
hsi,114
house,114
hole,114
hierarchy,114
hidden,114
heterodyne,114
gray,114
glasses,114
generative,114
gamma,114
gait,114
g,114
fringe,114
forecast,114
footprint,114
flat,114
films,114
eye,114
extra,114
exclusion,114
events,114
ensemble,114
emotion,114
econometrics,114
eco,114
dsm,114
distortion,114
diffractive,114
devices,114
deposition,114
dense,114
delivery,114
degree,114
degradation,114
de,114
cycle,114
curve,114
curvature,114
cosine,114
conductivity,114
competition,114
combination,114
coefficients,114
cnn,114
clutter,114
clock,114
classifier,114
cascade,114
capital,114
business,114
bundle,114
brownian,114
biological,114
biodiversity,114
between,114
basis,114
barrier,114
average,114
anti,114
afm,114
adjustment,114
adjectives,114
ad,114
island,112
white,95
waveguide,95
warping,95
vortex,95
vessel,95
very,95
vacuum,95
universal,95
underwater,95
understanding,95
underground,95
ultra,95
typology,95
tucker,95
threshold,95
terrestrial,95
tactile,95
surgical,95
subject,95
studies,95
street,95
streaming,95
stencil,95
states,95
stars,95
spin,95
spectrometry,95
spacetime,95
solution,95
solar,95
slow,95
situation,95
site,95
sift,95
side,95
shear,95
shaping,95
shallow,95
sets,95
seismicity,95
segmented,95
sedimentary,95
scatterometry,95
room,95
ring,95
rhythm,95
rf,95
reuse,95
reticle,95
resistance,95
residential,95
relationships,95
relation,95
refractive,95
reference,95
raster,95
raman,95
quasi,95
quantification,95
quadrature,95
qos,95
q,95
proper,95
program,95
pro,95
presence,95
pooling,95
polynomial,95
polymer,95
poisson,95
plastic,95
pipe,95
perturbation,95
park,95
oxide,95
over,95
oscillations,95
oriented,95
operator,95
old,95
observations,95
novel,95
nonnegative,95
net,95
navier,95
museum,95
moments,95
module,95
modes,95
modernity,95
methodology,95
mems,95
meaning,95
matrices,95
lorentz,95
log,95
loess,95
link,95
levy,95
layers,95
kronecker,95
interpretation,95
international,95
intellectual,95
integer,95
instrumentation,95
inhibition,95
induced,95
implicit,95
impedance,95
impact,95
hydrogen,95
hough,95
hotspot,95
hot,95
holes,95
height,95
heavy,95
hazards,95
hazard,95
geostatistics,95
genetic,95
gate,95
games,95
fracture,95
focal,95
fisher,95
fine,95
femtosecond,95
fdtd,95
fan,95
facial,95
exponents,95
euv,95
errors,95
entanglement,95
engine,95
educational,95
east,95
early,95
dtm,95
drainage,95
doppler,95
dnn,95
displacement,95
disease,95
discrimination,95
directional,95
differentiation,95
diagnostics,95
description,95
deformable,95
cyber,95
crack,95
coordinate,95
contour,95
continuum,95
consumption,95
constrained,95
consensus,95
congestion,95
cone,95
concept,95
concealment,95
compatibility,95
common,95
combining,95
combinatorial,95
colonial,95
collocation,95
coherent,95
coal,95
classical,95
calculation,95
bit,95
basic,95
bake,95
backscattering,95
awareness,95
audio,95
asymptotic,95
arrival,95
anisotropy,95
analytics,95
analytical,95
ambiguity,95
ambient,95
all,95
age,95
acoustics,95
accommodation,95
abilities,95
zones,76
yield,76
wiener,76
wide,76
wetlands,76
west,76
watershed,76
walk,76
wafer,76
voltage,76
variations,76
v,76
uwb,76
updating,76
university,76
units,76
ultraviolet,76
ubiquitous,76
u,76
tv,76
tuning,76
tumor,76
tropical,76
trees,76
traveling,76
transmit,76
transducer,76
trajectories,76
train,76
touch,76
tomosynthesis,76
therapy,76
theories,76
tfts,76
terms,76
teaching,76
tax,76
task,76
targets,76
tank,76
tabletop,76
svd,76
surgery,76
supervised,76
superpixel,76
strong,76
strengthening,76
streak,76
strategic,76
stones,76
stiffness,76
star,76
stacked,76
sputtering,76
sprawl,76
spots,76
sphere,76
spectrometers,76
spacing,76
soft,76
socio,76
snr,76
smoothing,76
smartphone,76
sites,76
simplex,76
similar,76
senses,76
semiotics,76
semiconductors,76
semiconductor,76
segregation,76
secure,76
sea,76
sdma,76
screen,76
scintillation,76
schemes,76
scalability,76
saliency,76
rural,76
root,76
rfid,76
revolution,76
review,76
reverse,76
retail,76
resonator,76
resilience,76
relaxation,76
relativity,76
reflective,76
recursive,76
recording,76
reactor,76
rayleigh,76
rain,76
railway,76
pulses,76
prostate,76
programs,76
price,76
preference,76
pore,76
political,76
polarized,76
polarimetry,76
polar,76
poetry,76
poetic,76
plateau,76
pitch,76
physics,76
perfusion,76
percolation,76
peak,76
participation,76
part,76
parallelism,76
parabolic,76
panel,76
overlay,76
orbital,76
or,76
optoelectronic,76
operators,76
oct,76
oblique,76
oasis,76
normalization,76
normal,76
nonlocal,76
nondestructive,76
nitrogen,76
neck,76
nature,76
mpeg,76
movements,76
moran,76
monogenic,76
modulators,76
modal,76
mismatch,76
military,76
mid,76
microwave,76
microphone,76
micromirror,76
metropolitan,76
message,76
memories,76
melt,76
measures,76
max,76
lucc,76
living,76
lip,76
limit,76
left,76
lefebvre,76
lee,76
le,76
layout,76
latent,76
landslides,76
ladar,76
labor,76
karhunen,76
justice,76
jpeg,76
ir,76
interval,76
intersection,76
interior,76
interferometric,76
interferometer,76
interferogram,76
intention,76
instruction,76
inpainting,76
innovative,76
influence,76
individual,76
implementation,76
immersion,76
imagination,76
ikonos,76
hypothesis,76
hull,76
hosvd,76
holograms,76
histology,76
hilbert,76
hero,76
hedonic,76
healthcare,76
hazardous,76
haralick,76
haptics,76
hand,76
hadamard,76
guided,76
grids,76
great,76
grain,76
graded,76
government,76
geocomputation,76
genre,76
generated,76
generalization,76
gene,76
frames,76
fourth,76
forward,76
forensics,76
foreground,76
focused,76
flux,76
fluctuations,76
floating,76
flare,76
fingerprinting,76
female,76
fem,76
fashion,76
excitation,76
evaporation,76
european,76
etching,76
equivalence,76
equalization,76
electrode,76
elderly,76
eigenmaps,76
econometric,76
ecg,76
dwt,76
dummy,76
dot,76
dose,76
doa,76
dna,76
dmd,76
dictionary,76
diagram,76
der,76
dependent,76
dependence,76
decoding,76
dct,76
dam,76
daily,76
customer,76
cubic,76
creation,76
coverage,76
cost,76
cortex,76
copula,76
coordinated,76
cooperation,76
contemporary,76
consumer,76
consciousness,76
connection,76
conditional,76
composition,76
completion,76
competitive,76
comparison,76
combustion,76
combined,76
collision,76
coating,76
cinema,76
chromatography,76
centre,76
cavity,76
causal,76
cartography,76
carrier,76
care,76
carcinoma,76
capture,76
canopy,76
canonical,76
broadband,76
breakdown,76
bragg,76
boundaries,76
blind,76
black,76
bistatic,76
bim,76
bi,76
beijing,76
beach,76
aviation,76
averaging,76
auditory,76
atomic,76
assembly,76
asia,76
arts,76
arrangement,76
arcgis,76
arbitrary,76
ar,76
apartment,76
analyses,76
aliasing,76
algebraic,76
advertising,76
acid,76
academic,76
laws,58
zirconium,57
zernike,57
yoon,57
working,57
words,57
width,57
wideband,57
well,57
weights,57
webgis,57
waveform,57
wall,57
vp,57
voronoi,57
volunteered,57
volleyball,57
vocal,57
viscoelasticity,57
violence,57
verification,57
ventricular,57
variograms,57
variables,57
validation,57
utility,57
uplink,57
up,57
unwrapping,57
unsteady,57
union,57
ultrasonic,57
uhf,57
uavs,57
types,57
trust,57
trous,57
treatment,57
trapping,57
transnational,57
translation,57
tracing,57
town,57
tourist,57
tm,57
tidal,57
throughput,57
third,57
things,57
theoretical,57
thematic,57
textile,57
tessellation,57
terrasar,57
terahertz,57
tem,57
television,57
teams,57
taxi,57
tangible,57
systemic,57
syntax,57
syntactic,57
symbol,57
surveying,57
sudden,57
suburban,57
substrate,57
subjective,57
style,57
student,57
strongly,57
strings,57
string,57
stratification,57
storm,57
store,57
stimulus,57
steganalysis,57
steel,57
standoff,57
standards,57
stack,57
st,57
spread,57
spontaneous,57
splitting,57
spline,57
spillovers,57
spillover,57
spectroscopic,57
specific,57
special,57
speaker,57
sorting,57
sonar,57
solving,57
solitary,57
soa,57
skin,57
situ,57
sir,57
sintering,57
sierpinski,57
si,57
shopping,57
shop,57
shock,57
shearlet,57
sharing,57
shaped,57
shanghai,57
setting,57
separated,57
secrecy,57
secondary,57
searching,57
seam,57
sdi,57
screening,57
scintillators,57
scintillator,57
schizophrenia,57
scenario,57
saturation,57
sand,57
sa,57
rules,57
rough,57
rotating,57
robotics,57
rim,57
ridge,57
rgb,57
retinal,57
responsibility,57
resolved,57
reserve,57
reproduction,57
renewable,57
removal,57
remotely,57
religion,57
relay,57
regime,57
reflection,57
refinement,57
record,57
reconfigurable,57
receiver,57
reading,57
rays,57
rates,57
rail,57
radon,57
radius,57
radiative,57
queries,57
quasicrystals,57
quadtree,57
psychological,57
pruning,57
province,57
profilometry,57
productivity,57
private,57
printing,57
printability,57
primary,57
prefix,57
predictive,57
precise,57
positioning,57
polymerization,57
poland,57
pipeline,57
photoresist,57
photonics,57
photoluminescence,57
periodic,57
period,57
people,57
penetration,57
pd,57
paths,57
passing,57
partition,57
participatory,57
palmprint,57
outdoor,57
out,57
organizational,57
organic,57
options,57
operational,57
operation,57
openstreetmap,57
ontologies,57
ontological,57
olap,57
office,57
occupancy,57
obstacle,57
observer,57
o,57
normalized,57
node,57
neuron,57
neuroimaging,57
nash,57
nanoscale,57
nanoparticles,57
myocardial,57
mountain,57
monocular,57
moment,57
moisture,57
moems,57
modernization,57
mmse,57
mirrors,57
minority,57
mind,57
microstructure,57
microstrip,57
microfluidics,57
methodologies,57
metallic,57
merchandising,57
membrane,57
median,57
materiality,57
maritime,57
manipulation,57
maintenance,57
magnetoencephalography,57
lyapunov,57
lwr,57
loading,57
liver,57
literature,57
linked,57
linkage,57
ler,57
lenticular,57
led,57
lda,57
lcs,57
lbp,57
layered,57
late,57
lacunarity,57
kinetics,57
kinect,57
keying,57
keyframe,57
karst,57
junction,57
jump,57
ju,57
joseon,57
jet,57
isolation,57
iot,57
investments,57
inversion,57
inventory,57
invariance,57
intrinsic,57
interview,57
interoperability,57
interactivity,57
ing,57
inertial,57
inductive,57
inclusivity,57
impulse,57
implementations,57
immune,57
immersive,57
hyperbolic,57
hydraulic,57
hpc,57
hotspots,57
horizontal,57
homogenization,57
homogeneity,57
hoc,57
historic,57
hevc,57
heterotopia,57
healing,57
harmonics,57
harmonic,57
halo,57
hall,57
guide,57
groups,57
greece,57
grayscale,57
gravity,57
granularity,57
granular,57
gnss,57
glrt,57
globe,57
ginzburg,57
ghost,57
geomorphology,57
geomorphological,57
geology,57
geographies,57
gel,57
gap,57
galerkin,57
gain,57
fuzhou,57
fused,57
ftir,57
front,57
fragmentation,57
forgery,57
foot,57
focusing,57
fluorescent,57
fluctuation,57
flexible,57
flexibility,57
fish,57
firms,57
fibre,57
fft,57
few,57
festival,57
feed,57
fatigue,57
failure,57
facility,57
facilities,57
fabric,57
extrapolation,57
external,57
exponential,57
exploration,57
experiments,57
experiment,57
experiences,57
expectations,57
expectation,57
exchange,57
everyday,57
eulerian,57
etc,57
establishment,57
esprit,57
escape,57
epilepsy,57
entrepreneurial,57
enforcement,57
emulation,57
emotional,57
electroencephalogram,57
elastography,57
elasticity,57
elastic,57
efficient,57
echocardiography,57
duty,57
drosophila,57
dong,57
divergence,57
discovery,57
directive,57
diagramming,57
diagnostic,57
di,57
deviation,57
detail,57
descriptors,57
deposit,57
dependency,57
dependencies,57
delaunay,57
degrees,57
deconvolution,57
day,57
dark,57
cylindrical,57
curves,57
cumulative,57
criteria,57
crime,57
creativity,57
cps,57
coordination,57
constellation,57
constant,57
conjugate,57
confinement,57
conference,57
conditions,57
concrete,57
concentration,57
compactness,57
collection,57
cold,57
cokriging,57
cohesion,57
coatings,57
coast,57
cnt,57
close,57
circuit,57
check,57
centrality,57
census,57
cdu,57
catchment,57
cad,57
caching,57
busan,57
broadcast,57
bridge,57
brdf,57
branching,57
bosons,57
blast,57
biologically,57
biogeography,57
bio,57
binocular,57
bilateral,57
bifurcation,57
biblical,57
bias,57
bessel,57
baseline,57
bandwidth,57
balance,57
bag,57
azimuth,57
axis,57
avoidance,57
attractor,57
attenuation,57
atom,57
asymmetric,57
astronomical,57
associations,57
asphalt,57
aspect,57
approximate,57
applied,57
anomalous,57
anderson,57
ancient,57
analytic,57
analogy,57
analog,57
amplifier,57
amenity,57
aggregate,57
africa,57
aesthetics,57
aerosol,57
ads,57
admm,57
adjective,57
actuator,57
accident,57
accelerated,57
ablation,57
ability,57
aadl,57
runoff,55
zoning,38
zero,38
yin,38
yimeng,38
yb,38
yangtze,38
xinjiang,38
xeon,38
wyner,38
wuhan,38
writing,38
writer,38
worlds,38
workspace,38
works,38
word,38
wood,38
women,38
wires,38
wildfire,38
wigner,38
what,38
werkbund,38
welfare,38
weld,38
weighting,38
weak,38
waveguides,38
warehouses,38
war,38
walks,38
walking,38
walkers,38
vrml,38
vpf,38
voting,38
vossos,38
void,38
vlasov,38
viscosity,38
vhr,38
vhf,38
vessels,38
verb,38
velocimetry,38
vehicular,38
vascular,38
vapor,38
valuation,38
valley,38
validity,38
valence,38
uv,38
unknown,38
universe,38
united,38
uniqueness,38
undamped,38
ultrashort,38
ultrahigh,38
ultrafast,38
typical,38
turkey,38
turbo,38
tunnel,38
tumour,38
tubular,38
tube,38
trip,38
triangulation,38
trends,38
trauma,38
transparency,38
transmissions,38
transducers,38
transdisciplinarity,38
transceivers,38
training,38
tradition,38
tract,38
traces,38
tour,38
topos,38
topographic,38
tolerance,38
tissues,38
tion,38
tiling,38
tial,38
thz,38
thoracic,38
theta,38
theorem,38
theme,38
texton,38
tensorflow,38
temple,38
templates,38
telescopes,38
telescope,38
tectonics,38
taxation,38
taiwan,38
tags,38
tagging,38
tag,38
tacit,38
synergy,38
symmetries,38
symbolic,38
switch,38
swir,38
suspended,38
surrogate,38
supercritical,38
sun,38
sum,38
successive,38
subwavelength,38
subspaces,38
subsidence,38
subpixel,38
submerged,38
submarine,38
subdivision,38
studio,38
students,38
strip,38
strength,38
streams,38
stream,38
strait,38
stm,38
stitching,38
stirred,38
stereopsis,38
step,38
steerable,38
steady,38
status,38
statistic,38
stationary,38
stage,38
stadia,38
stabilization,38
sst,38
ss,38
spreading,38
split,38
spirituality,38
spirit,38
spiral,38
spectro,38
species,38
spec,38
spark,38
spain,38
spa,38
soviet,38
southern,38
south,38
sounding,38
solver,38
solitons,38
sol,38
softmax,38
socs,38
socioeconomic,38
soccer,38
smoothness,38
slm,38
sleuth,38
slant,38
skyline,38
sketching,38
sketch,38
six,38
singularly,38
singularity,38
singularities,38
simple,38
similarities,38
silvopastoral,38
silver,38
silicate,38
silica,38
signatures,38
siamese,38
shuffled,38
shortest,38
ship,38
shifting,38
shielding,38
shenzhen,38
sheet,38
sharpening,38
shadow,38
sexual,38
setup,38
settlement,38
settings,38
servicescape,38
serious,38
seoul,38
sensed,38
semiparametric,38
selenium,38
seizure,38
seepage,38
sector,38
section,38
seasonality,38
scs,38
scrambling,38
sciences,38
schmitt,38
schema,38
scheduler,38
scgmm,38
scenic,38
scenes,38
scattered,38
scatter,38
saxs,38
savanna,38
saturable,38
satellites,38
sang,38
sample,38
salvation,38
salinity,38
safe,38
saddle,38
runge,38
run,38
route,38
roi,38
rod,38
robots,38
robert,38
rls,38
rivers,38
riemannian,38
rheology,38
revitalization,38
results,38
restriction,38
resting,38
respiratory,38
resists,38
resist,38
reserves,38
representative,38
representations,38
repeatability,38
renaissance,38
relu,38
relief,38
release,38
relative,38
related,38
reinforcement,38
reinforced,38
refocus,38
refined,38
redundancy,38
red,38
rectification,38
records,38
receptive,38
receive,38
rbac,38
rat,38
rapid,38
ranking,38
ranging,38
radioactive,38
radially,38
quotient,38
queueing,38
question,38
qt,38
qsm,38
qinghai,38
qcd,38
pungto,38
psychic,38
pspmt,38
psd,38
protest,38
proportion,38
profiling,38
profiler,38
processor,38
procedure,38
probes,38
proactive,38
privatization,38
prices,38
prevention,38
prevalence,38
pretreatment,38
preservation,38
preprocessing,38
preparation,38
premixed,38
predator,38
preconditioning,38
precoder,38
precipitation,38
practices,38
postmodern,38
positivism,38
portable,38
port,38
populations,38
polyp,38
polymetallic,38
polyhedron,38
polygon,38
polychromatic,38
poly,38
polsar,38
polishing,38
polarimetric,38
poincare,38
pm,38
plumes,38
plume,38
plug,38
plot,38
players,38
play,38
platonic,38
plasmonics,38
plasmon,38
plain,38
pixels,38
pit,38
picture,38
phrase,38
photoscan,38
photorefractive,38
photons,38
photomask,38
phosphorus,38
phone,38
philosophy,38
perturbed,38
personalized,38
personalization,38
persistent,38
persistence,38
permutation,38
permanent,38
periodicity,38
peri,38
perceptron,38
penalized,38
pedotaxa,38
pedodiversity,38
pedagogy,38
pde,38
pauli,38
pathology,38
patches,38
passage,38
party,38
partnership,38
paratactic,38
pam,38
palm,38
pairwise,38
pairs,38
pair,38
paintings,38
painting,38
paik,38
page,38
pad,38
oxidative,38
oxidation,38
oxidase,38
ownership,38
oversea,38
overlapped,38
overlap,38
outreach,38
outer,38
outage,38
ota,38
oscillator,38
oscillation,38
origami,38
organisation,38
ordination,38
offline,38
ofdma,38
obia,38
nystrom,38
nystagmus,38
number,38
nulling,38
nozzle,38
not,38
nostalgia,38
northeast,38
norms,38
norm,38
no,38
nmr,38
nlos,38
ng,38
nexus,38
neutral,38
neuroleptics,38
neuroanatomy,38
nergy,38
neighbors,38
negative,38
need,38
necessity,38
ndary,38
narrow,38
nal,38
mvs,38
musical,38
muon,38
municipality,38
mouse,38
mountainous,38
morphometry,38
moral,38
monoamine,38
momentum,38
modules,38
modularization,38
modified,38
modification,38
modflow,38
modernism,38
modality,38
mo,38
ml,38
mixtures,38
mix,38
mission,38
missing,38
mineralization,38
migrant,38
middle,38
microwaves,38
microstructures,38
microrelief,38
micromachining,38
microbeam,38
metropolis,38
methane,38
meter,38
meteorological,38
metaphoric,38
metamaterials,38
metadata,38
metabolism,38
meta,38
meris,38
mereotopology,38
memorial,38
melting,38
meg,38
meeting,38
mediterranean,38
medicine,38
med,38
me,38
mbr,38
maze,38
masers,38
marine,38
margin,38
manufacture,38
manifolds,38
mangina,38
majority,38
major,38
magnification,38
magnetron,38
magnetospheric,38
magnetorheological,38
macro,38
ma,38
lung,38
lulc,38
lossless,38
losses,38
lorenz,38
logistic,38
literary,38
liss,38
lipschitz,38
limits,38
lifetime,38
libs,38
li,38
lesion,38
lenslet,38
lensless,38
legibility,38
leaky,38
leakage,38
leak,38
lead,38
lcmv,38
lcd,38
lc,38
lbs,38
lattices,38
laplace,38
lanzhou,38
lanhe,38
lane,38
landmarks,38
lamb,38
lai,38
lagrange,38
labels,38
label,38
lab,38
kurtosis,38
kstar,38
kpca,38
kong,38
kolmogorov,38
knot,38
knn,38
knee,38
kinoform,38
kinematic,38
kim,38
kidney,38
keyframing,38
kerr,38
karl,38
joints,38
john,38
jmvc,38
jiang,38
jeong,38
jct,38
japan,38
iteration,38
issues,38
israel,38
isr,38
isotropy,38
isotropic,38
isotopes,38
isometry,38
iso,38
isar,38
irregular,38
irreducible,38
irradiance,38
iron,38
investment,38
invasion,38
intrusion,38
introduction,38
interventional,38
intervention,38
intertextuality,38
interstitial,38
intermittent,38
intermittency,38
interleaving,38
interdisciplinarity,38
interconnection,38
interconnected,38
intelligences,38
intel,38
intangible,38
instruments,38
institution,38
instance,38
installation,38
instability,38
instabilities,38
initial,38
infrastructures,38
informatics,38
infinite,38
infiltration,38
infant,38
indirect,38
inclusive,38
incentives,38
inas,38
improvement,38
improved,38
ill,38
iii,38
iew,38
iemd,38
ict,38
icf,38
ica,38
ian,38
hyun,38
hysteretic,38
hyperspace,38
hyperion,38
hydrological,38
hydrodynamics,38
hydrodynamic,38
hydro,38
hydrates,38
hy,38
hwang,38
hubs,38
hp,38
household,38
hospital,38
horizon,38
hopfield,38
home,38
holism,38
hog,38
hj,38
histopathology,38
highway,38
hexagon,38
heterogenous,38
hep,38
henri,38
hemispheric,38
helical,38
hec,38
heating,38
he,38
hazelnut,38
harvesting,38
hartmann,38
hankel,38
hangzhou,38
handed,38
hamilton,38
habits,38
gutenberg,38
guidance,38
growing,38
grouping,38
grotto,38
grey,38
greenery,38
gravitational,38
gravitation,38
gratings,38
grassland,38
grade,38
gpr,38
goodness,38
good,38
gold,38
gnetic,38
glojeh,38
glioma,38
glcm,38
glacier,38
gestures,38
geosot,38
geosimulation,38
geosciences,38
geoprocessing,38
geomorphic,38
generator,38
generational,38
gaze,38
gauss,38
gated,38
gan,38
galvano,38
galaxy,38
funds,38
fundamental,38
fuel,38
fronts,38
fresnel,38
freehand,38
fraction,38
forming,38
format,38
forestry,38
foreign,38
forcing,38
forces,38
folk,38
fmcw,38
fluidized,38
flooding,38
flip,38
flight,38
flexigis,38
fl,38
finger,38
fiction,38
fgm,38
fermi,38
feat,38
fdd,38
faults,38
farming,38
farm,38
far,38
fall,38
fabrication,38
extremes,38
extract,38
extensive,38
expressions,38
exploitation,38
evolvement,38
evolutionary,38
evidence,38
evi,38
europe,38
euler,38
eu,38
etm,38
ethics,38
estate,38
er,38
equivalent,38
equilibrium,38
equal,38
epsilon,38
epigenetic,38
epidemic,38
entrepreneurship,38
entity,38
enhanced,38
engines,38
engagement,38
endmember,38
employment,38
emotions,38
emissions,38
ement,38
em,38
elongational,38
elm,38
ellipticity,38
electrostatic,38
electrons,38
electromyography,38
electro,38
ehealth,38
efdc,38
ecosystems,38
echo,38
eavesdropping,38
dvb,38
duv,38
dti,38
drone,38
driven,38
drill,38
down,38
dots,38
dosimetry,38
doped,38
dominant,38
dominance,38
dm,38
diverse,38
distortions,38
distant,38
distances,38
dispersive,38
disorder,38
discretization,38
discharges,38
disabilities,38
dis,38
dirichlet,38
directed,38
dirac,38
diodes,38
diode,38
diffusive,38
diffuser,38
difficulty,38
diamond,38
dialectic,38
diagonal,38
dft,38
details,38
descent,38
derivatives,38
derivative,38
departure,38
delone,38
deflection,38
definition,38
defective,38
decay,38
dcm,38
dc,38
dbscan,38
db,38
dasymetric,38
dance,38
damper,38
czt,38
cyclone,38
cyberspace,38
cybernetics,38
cuts,38
curved,38
cumulants,38
culling,38
cueing,38
ctivity,38
ctis,38
ction,38
crystals,38
cryogenic,38
crowdsensing,38
crisis,38
covering,38
county,38
costs,38
cosmic,38
cortical,38
corridor,38
corporate,38
coronary,38
copper,38
cool,38
convlstm,38
convgru,38
continuity,38
contexts,38
container,38
consulting,38
construct,38
constitutive,38
conservancy,38
conformal,38
conduction,38
compute,38
compton,38
comprehensive,38
compounding,38
composites,38
complete,38
communities,38
comics,38
comic,38
columns,38
column,38
colour,38
cohen,38
coda,38
coastline,38
coalition,38
clinical,38
clastic,38
civil,38
circles,38
circle,38
chungbuk,38
chromotomography,38
chromatic,38
choice,38
choi,38
chirp,38
chip,38
chest,38
chart,38
charging,38
chamber,38
challenges,38
chains,38
ceramic,38
centers,38
cemetery,38
ceiling,38
cdznte,38
cds,38
cbir,38
cavitation,38
cave,38
cathode,38
categorization,38
catch,38
casting,38
carpets,38
capacitance,38
capability,38
canyon,38
cancellation,38
cadastral,38
cache,38
ca,38
butterfly,38
bushing,38
bus,38
burgers,38
bulk,38
broadcasts,38
brightness,38
brane,38
branch,38
bp,38
bounds,38
bou,38
bordering,38
border,38
bootstrap,38
bookstore,38
bohai,38
blurring,38
blur,38
blue,38
blow,38
blackbody,38
bivariate,38
bitmap,38
bird,38
biometrics,38
biomedical,38
biomechanics,38
bioluminescence,38
biology,38
binomial,38
beyond,38
bending,38
bem,38
bell,38
beds,38
bed,38
beauty,38
bars,38
bare,38
bapne,38
backside,38
backscatter,38
backprojection,38
avs,38
avhrr,38
avalanche,38
availability,38
authentication,38
auroral,38
augustine,38
augmentation,38
attributes,38
attribute,38
attitude,38
atmosphere,38
atlas,38
atlantic,38
at,38
aswan,38
aspects,38
aslm,38
asic,38
aseismic,38
artifacts,38
artifact,38
arrhythmia,38
arithmetic,38
arima,38
arid,38
archaeology,38
arc,38
approaches,38
apple,38
appearance,38
apodization,38
api,38
antimicrobial,38
anthropometry,38
ant,38
anomalies,38
angles,38
angiography,38
anechoic,38
andre,38
analyzer,38
an,38
alzheimer,38
aluminum,38
aluminium,38
alternative,38
alternating,38
alloys,38
alloy,38
allometric,38
alliance,38
allegory,38
alien,38
alarm,38
ahp,38
aggregated,38
agents,38
agenda,38
aesthetic,38
aerosols,38
aeration,38
aeolian,38
advection,38
advantage,38
adsorption,38
administration,38
adhesion,38
adaboost,38
actual,38
accumulation,38
accretion,38
accelerator,38
accelerating,38
ac,38
abnormal,38
aberrations,38
abep,38
abc,38
solap,36
zooming,19
zoomable,19
zoom,19
zno,19
ziv,19
zitterbewegung,19
zitter,19
zircaloy,19
zinc,19
zika,19
zhongba,19
zhe,19
zeroforcing,19
zen,19
zemax,19
zeit,19
zebrafish,19
zebraf,19
zariski,19
zahr,19
zagros,19
yunnan,19
yuku,19
yuanlin,19
yu,19
ysis,19
youn,19
yolo,19
yi,19
yer,19
yeom,19
yellow,19
yeast,19
year,19
yangming,19
y,19
xylenol,19
xr,19
xml,19
xixi,19
xing,19
xiantao,19
xianglan,19
xianghuang,19
xi,19
xenon,19
xdl,19
wuwei,19
wu,19
wsns,19
wpli,19
wound,19
worship,19
worldview,19
worldviev,19
workplace,19
workload,19
workforce,19
workflow,19
workers,19
wordnet,19
wool,19
wollaston,19
wobbulator,19
wm,19
wizards,19
without,19
within,19
wiretap,19
wire,19
winter,19
winograd,19
winner,19
wimba,19
wilson,19
will,19
wikipedia,19
wien,19
widow,19
wi,19
whitman,19
whistler,19
whirling,19
wheat,19
wetting,19
western,19
werra,19
wells,19
welding,19
weihe,19
weifang,19
wegner,19
weekday,19
weed,19
wedge,19
wechat,19
webs,19
webgl,19
wearable,19
wear,19
weakly,19
wdm,19
wavefunctions,19
wavefields,19
watt,19
watersheds,19
watermark,19
waterfront,19
waterfonts,19
wat,19
warp,19
warning,19
warburg,19
wanzhou,19
wanderer,19
walt,19
walser,19
waldo,19
wake,19
wagner,19
waegwan,19
w,19
vwt,19
vulgarity,19
vuforia,19
vswr,19
vs,19
vrbovce,19
votive,19
voters,19
vortices,19
von,19
volution,19
volunteering,19
volumetry,19
volumes,19
volterra,19
volcanic,19
volca,19
volatility,19
voids,19
voidage,19
voices,19
voice,19
vml,19
vlsi,19
vlf,19
vlad,19
vivo,19
vitrography,19
viticulture,19
viterbo,19
visuospatial,19
visit,19
visibility,19
viscous,19
viscoplastic,19
viscoelastic,19
visco,19
visar,19
virial,19
vircator,19
viral,19
villages,19
village,19
villa,19
viirs,19
vietnam,19
vieira,19
vidriera,19
victoria,19
victimhood,19
vicious,19
vicariance,19
vibrotactile,19
vibrometer,19
vibrations,19
vibrational,19
vibrated,19
vi,19
vhcf,19
vgi,19
vfh,19
vestiges,19
vertically,19
vertex,19
versus,19
versioning,19
verse,19
versarial,19
vernacular,19
vergence,19
verbal,19
vep,19
ventriloquism,19
ventricle,19
ventilation,19
vendor,19
velvet,19
veins,19
vegetable,19
vega,19
vdbscan,19
vceg,19
vc,19
vario,19
variational,19
variant,19
var,19
vaporization,19
vanadium,19
valves,19
valorisation,19
valorem,19
valentor,19
valent,19
uvi,19
utp,19
utopia,19
utilization,19
usmn,19
usability,19
us,19
urier,19
urface,19
ures,19
ure,19
uranium,19
upward,19
uptake,19
upstream,19
upscaling,19
upscale,19
updated,19
update,19
upconversion,19
unyielding,19
unterma,19
unstructured,19
unsaturated,19
unlabelled,19
universality,19
univers,19
unity,19
unitary,19
unique,19
unified,19
unification,19
ungbok,19
unfolding,19
undong,19
undirected,19
understandability,19
underdetermined,19
uncorrelation,19
unconditional,19
uncoded,19
unclos,19
uncanny,19
uncalibrated,19
unbounded,19
unbiased,19
umlda,19
umist,19
ultras,19
ultracamx,19
ultiplexing,19
ultiplatform,19
ulticultural,19
ulleung,19
ukf,19
uk,19
uided,19
ui,19
ues,19
ued,19
udn,19
uas,19
typologies,19
typography,19
typing,19
typhoon,19
ty,19
tworks,19
twitter,19
twitte,19
twistors,19
twin,19
tutorial,19
turtles,19
turning,19
turing,19
turbine,19
turbid,19
tunneling,19
tuned,19
tumours,19
tumble,19
tufted,19
tuff,19
tsutaya,19
tsunami,19
tsom,19
tsi,19
tsdf,19
try,19
trusted,19
truss,19
truncation,19
truncated,19
troscopy,19
trometer,19
tritium,19
tristate,19
triple,19
trimpi,19
trilateral,19
trigonometric,19
trigger,19
trifocal,19
tridimensionality,19
trick,19
tribal,19
triangulations,19
triangularity,19
triangles,19
triangle,19
triang,19
triad,19
tri,19
treatises,19
trayectories,19
travelogue,19
travelling,19
trap,19
transurethral,19
transpiration,19
transmitting,19
transmitter,19
transmitted,19
transmissivity,19
translational,19
translatio,19
translating,19
transitions,19
transitionary,19
transit,19
transients,19
transient,19
transience,19
transdisciplinary,19
transculturality,19
transcription,19
transcoding,19
transboundary,19
trans,19
tran,19
tral,19
tradeoff,19
tractography,19
tracker,19
trace,19
trabecular,19
tpvm,19
tpica,19
tpfcasc,19
toxic,19
towing,19
towers,19
tower,19
toward,19
touristic,19
touchscreen,19
tot,19
torus,19
torrential,19
torque,19
toric,19
toponymy,19
topolopical,19
topoisomerase,19
topographical,19
tonochrony,19
tongling,19
toms,19
tomoscopy,19
tomograp,19
tomb,19
toleration,19
tokamak,19
tof,19
toda,19
tmah,19
titanium,19
tit,19
tista,19
tip,19
timbre,19
tim,19
tilting,19
tilt,19
tilling,19
tillage,19
tile,19
tikhnov,19
tics,19
ticket,19
tically,19
tianjin,19
thunderstorms,19
thrust,19
throwing,19
through,19
thrombin,19
threats,19
thods,19
thinning,19
thick,19
thermometry,19
thermometer,19
thermomechanical,19
thermoelasticity,19
thermodynamic,19
thermoacoustic,19
thermistor,19
thermally,19
therm,19
theodolite,19
that,19
thangka,19
th,19
tgis,19
textural,19
textmining,19
tetiaroa,19
tests,19
testicular,19
territoriality,19
territorialisation,19
terpolation,19
ternary,19
term,19
ter,19
tensors,19
tensorial,19
tension,19
tendency,19
tendencies,19
tems,19
template,19
temper,19
teleservices,19
telepresence,19
telemeter,19
telecommunications,19
tele,19
tegon,19
tectonic,19
technocentr,19
teaming,19
team,19
tea,19
te,19
tds,19
tdma,19
td,19
tcm,19
tc,19
taylor,19
taxonomy,19
taxis,19
tau,19
tatras,19
tarim,19
tapes,19
taohua,19
tanker,19
tanimoto,19
tango,19
tang,19
tandem,19
tale,19
talcum,19
take,19
tailings,19
tai,19
tae,19
tactor,19
tactics,19
tables,19
ta,19
systolic,19
systematic,19
syste,19
sysml,19
sys,19
synthetization,19
synthesizer,19
syntactical,19
syndrome,19
synchronisation,19
synchro,19
synaptic,19
synaesthesia,19
symmetrical,19
symmetric,19
symbolique,19
symbiotic,19
switchable,19
swirl,19
sweden,19
swarms,19
swapping,19
swap,19
swamp,19
swami,19
swagman,19
swa,19
svg,19
svdd,19
susceptibility,19
survival,19
surveys,19
surprise,19
surge,19
surfers,19
surfel,19
suprathreshold,19
suppressions,19
supply,19
supervized,19
supervisory,19
supervision,19
superresolution,19
superprocess,19
supermodule,19
superimposition,19
superfund,19
supercontinuum,19
superconductors,19
superconductor,19
superconductivity,19
superconducting,19
supercomputing,19
sunspot,19
sunshine,19
sums,19
summation,19
sulphate,19
sulfide,19
sukmungugok,19
suitability,19
suicide,19
sufficient,19
success,19
subtitling,19
subsurface,19
substorms,19
substor,19
subspectral,19
subsidiarity,19
subsets,19
subjectivity,19
subduction,19
subdividing,19
subband,19
subarrays,19
subarray,19
su,19
styles,19
studii,19
stud,19
strucrure,19
stroboscopic,19
stripe,19
stretto,19
stretch,19
stresses,19
streamer,19
strea,19
stray,19
stratigraphic,19
stratified,19
strata,19
str,19
storyworlds,19
storyline,19
storygraph,19
story,19
storation,19
stokes,19
stl,19
stimulation,19
stimulated,19
steven,19
stereotype,19
stereotactic,19
stereophotography,19
stereolithography,19
stereogram,19
stereocamera,19
stepping,19
stepped,19
stem,19
steganography,19
stefan,19
steered,19
steep,19
sted,19
steam,19
station,19
stat,19
staring,19
stap,19
stands,19
standing,19
standardized,19
stalinism,19
stainless,19
staggered,19
stages,19
stable,19
stabilizer,19
stabile,19
ssm,19
ssim,19
ssf,19
srsshf,19
src,19
sr,19
squeeze,19
squared,19
sqdl,19
spvm,19
sprites,19
sprite,19
spreadsheet,19
spray,19
spotlight,19
spoilage,19
spm,19
spl,19
spiritual,19
spinning,19
spinless,19
spiking,19
spike,19
sphericity,19
spherically,19
spheres,19
spheredecoder,19
sph,19
spectroradiometer,19
spectropolarimetry,19
spectropolarimetric,19
speck,19
specimens,19
specialisation,19
spe,19
spaziergang,19
spatical,19
sparsification,19
sparql,19
sparisfying,19
spanning,19
span,19
spacer,19
spacecraft,19
sp,19
soybean,19
sovereignty,19
southwest,19
sounds,19
soswaewon,19
sort,19
sopot,19
soon,19
sonography,19
sonic,19
somitogenesis,19
somatosensory,19
som,19
solvers,19
solifluction,19
solids,19
solidified,19
sok,19
soitary,19
softwar,19
sofc,19
sodium,19
sociocultural,19
societal,19
snn,19
snake,19
smsi,19
sms,19
smoother,19
smooth,19
smoky,19
smile,19
smell,19
smear,19
sme,19
slutzky,19
sludge,19
sls,19
slovakia,19
slot,19
slit,19
slipband,19
slip,19
slide,19
slices,19
slicers,19
slice,19
sleep,19
slave,19
slanted,19
slam,19
slag,19
sla,19
sky,19
skarn,19
sixties,19
sixth,19
situations,19
siping,19
sinsun,19
sinr,19
sinkhole,19
sink,19
singing,19
sinensis,19
sinc,19
sin,19
simultaneous,19
simpson,19
simplified,19
simplification,19
simplicial,19
simpang,19
sim,19
silico,19
silicide,19
silhouette,19
sikkim,19
signification,19
significant,19
signed,19
sigma,19
sightseeing,19
sieve,19
sidewall,19
shuttle,19
shutdown,19
shrubs,19
shrinkage,19
showers,19
show,19
shot,19
shooting,19
shizishan,19
shiyang,19
shitagau,19
shell,19
shelf,19
sheets,19
sheath,19
shearography,19
shearing,19
shaw,19
sharp,19
sharad,19
shaoguan,19
shanxi,19
shannon,19
shangri,19
shangdong,19
shamanism,19
shadowing,19
shader,19
sginr,19
sform,19
sfm,19
sfem,19
sfap,19
sf,19
sexism,19
sex,19
seung,19
settlements,19
sesame,19
servoing,19
serbia,19
sequences,19
sequenced,19
sequenc,19
septal,19
separating,19
separate,19
separable,19
seokguram,19
seo,19
sentinel,19
sentimentalism,19
sensitive,19
sens,19
senior,19
semivariogram,19
semitransparent,19
semiosis,19
semiarid,19
semiactive,19
semarang,19
semantification,19
seline,19
selections,19
sejima,19
seismotectonics,19
seismological,19
sei,19
segment,19
segme,19
see,19
sed,19
secularization,19
secular,19
secuer,19
sectorization,19
sections,19
sectioning,19
secret,19
seclusion,19
seasonal,19
seaport,19
seamount,19
seal,19
se,19
sdsss,19
sdss,19
sdog,19
sdgs,19
sdae,19
sculpting,19
scuc,19
scsf,19
scripting,19
scrapping,19
scoring,19
score,19
scop,19
scm,19
scinto,19
scintimammography,19
scintigraphy,19
scient,19
schwarzschild,19
schur,19
schlieren,19
schemata,19
schedule,19
scge,19
scenarios,19
scatters,19
scatterplot,19
scatterome,19
scatterfield,19
scatterer,19
scapes,19
scalar,19
scalabiltiy,19
scaffolds,19
scaffold,19
sc,19
sausage,19
saturated,19
satial,19
sate,19
sassari,19
sas,19
saoa,19
santa,19
sanjiang,19
sangsansaho,19
sandpiles,19
sanctuary,19
samples,19
samadhi,19
sam,19
salts,19
salt,19
salience,19
salesman,19
safety,19
saemaul,19
saemangeum,19
sae,19
saber,19
rx,19
russian,19
ruler,19
ruin,19
ructure,19
rts,19
rtree,19
rthquake,19
rt,19
rspace,19
rsm,19
rrelation,19
rowe,19
row,19
rover,19
rothe,19
rotations,19
rotary,19
rosi,19
roses,19
rosenbrock,19
rosenblatt,19
rose,19
rosa,19
rope,19
roof,19
rometer,19
rome,19
romania,19
romance,19
rology,19
rolling,19
roll,19
rogue,19
roesser,19
rocky,19
rocks,19
roc,19
robotic,19
robbins,19
roaming,19
rnn,19
rnig,19
rmance,19
rlsi,19
rks,19
ritual,19
rise,19
ripplet,19
ripples,19
ripple,19
riparian,19
rings,19
ringmap,19
rimer,19
rill,19
rigidity,19
rigid,19
rights,19
rift,19
riesz,19
riemann,19
rie,19
ridges,19
rician,19
richard,19
rich,19
rica,19
rhythmical,19
rhetoric,19
rheometer,19
rh,19
rgyb,19
reynolds,19
rewriting,19
revolutions,19
revivalism,19
revival,19
revisit,19
reversible,19
reversibility,19
reversal,19
revention,19
rev,19
return,19
retrospective,19
retina,19
reticles,19
retargeting,19
retardation,19
retaining,19
resynchronization,19
restructuralization,19
restricted,19
restorative,19
restful,19
responsivity,19
responses,19
respiration,19
resonators,19
resonances,19
resona,19
resizing,19
resistive,19
resilient,19
resiliency,19
residues,19
residents,19
resection,19
rescue,19
rescaling,19
res,19
republic,19
reponse,19
repolarization,19
replacement,19
repertoire,19
repeller,19
reorientation,19
renunciation,19
rental,19
renovation,19
renoir,19
renewals,19
renal,19
removing,19
remot,19
remodeling,19
rement,19
remembrance,19
remediation,19
remeasurement,19
rem,19
religious,19
religiosity,19
relighting,19
reliabilit,19
relevance,19
relaying,19
relaxor,19
relativistic,19
relational,19
reincarnation,19
reimagineering,19
regulatory,19
regulation,19
regularizers,19
regularity,19
regular,19
regrouping,19
regressor,19
regressio,19
regency,19
regale,19
refugees,19
refugee,19
reformation,19
reform,19
refocusing,19
reflexivity,19
reflector,19
reflectometry,19
reflectivity,19
referring,19
referentiality,19
reefer,19
reedbed,19
reduce,19
redistribution,19
redim,19
redeployment,19
redd,19
recurring,19
recurrence,19
rectangular,19
rectangle,19
recruitment,19
recordings,19
reconfiguration,19
reconceptualizing,19
recommender,19
recommendation,19
recognizing,19
recogniti,19
recogni,19
reclamation,19
reciting,19
reciprocity,19
reciprocal,19
recipitation,19
recession,19
receptors,19
reception,19
received,19
receding,19
reason,19
realsense,19
readout,19
read,19
reactivity,19
reactive,19
reactivation,19
reaches,19
reachability,19
reach,19
rdf,19
rban,19
rationality,19
rategic,19
rastier,19
rare,19
rapport,19
rapidly,19
ransac,19
rankine,19
rangefinder,19
randstad,19
ralph,19
rallax,19
rainwater,19
raining,19
rainfa,19
rainbow,19
raft,19
radiotherapy,19
radiosurgery,19
radionuclide,19
radiomics,19
radiometry,19
radiometer,19
radioimaging,19
radiobrightness,19
radicals,19
radiating,19
radiance,19
ractal,19
racism,19
qwest,19
quiet,19
quickbird,19
quenched,19
queer,19
quasilinear,19
quartic,19
quantity,19
quantiles,19
quantile,19
quantales,19
quadratura,19
quadcopter,19
quad,19
qtons,19
qsr,19
qsar,19
qq,19
qpat,19
qoe,19
qingjiang,19
qing,19
qed,19
qcw,19
qam,19
pyrocumulonimbus,19
pyroconvection,19
pyrenees,19
pwr,19
pushbroom,19
pursuit,19
purple,19
purification,19
pure,19
purcell,19
pupil,19
pungsu,19
pump,19
pulmonary,19
pull,19
publicspace,19
ptychography,19
ptical,19
psychophysiology,19
psychophysics,19
psychopathological,19
psychology,19
pso,19
psnr,19
psm,19
pseudo,19
psa,19
provinces,19
prototyping,19
protons,19
proton,19
proteins,19
protecting,19
protect,19
prostitution,19
prosodic,19
propulsion,19
proposals,19
proposal,19
proportional,19
prophetic,19
proof,19
progression,19
progress,19
programmes,19
programmed,19
programmable,19
prognosis,19
profilometer,19
profiles,19
professional,19
productive,19
processors,19
proble,19
probing,19
prob,19
priori,19
prior,19
printers,19
principles,19
principals,19
primitive,19
prime,19
pricing,19
priation,19
prey,19
pressureless,19
pression,19
presov,19
presidential,19
prescription,19
prepocessing,19
premise,19
prehension,19
prefiltering,19
prefetching,19
prefetch,19
prefermance,19
preferential,19
preferences,19
predistortion,19
predictor,19
predictability,19
predict,19
predicates,19
precursors,19
precoders,19
preclinical,19
precipitable,19
precedence,19
precarization,19
precariat,19
prawl,19
prajna,19
pragmatics,19
pragmatic,19
pr,19
pproximate,19
poyang,19
powdery,19
pouring,19
potholes,19
postulate,19
postgresql,19
posteriori,19
posterior,19
postcolonial,19
possible,19
positivity,19
positive,19
portugal,19
portraits,19
porosimetry,19
pork,19
popular,19
poor,19
polysilicon,19
polymorphism,19
polyhedrons,19
polygonization,19
polyethylene,19
polycrystalline,19
polycentric,19
polycarbonate,19
polyacrylamide,19
pollock,19
polarity,19
polanyi,19
pointcloud,19
poi,19
poet,19
poaching,19
po,19
pmvs,19
pmu,19
pmt,19
pmp,19
pmf,19
pmd,19
pluvial,19
pluralization,19
pluralism,19
plural,19
plucker,19
plots,19
plotinus,19
pleiades,19
plaza,19
platforms,19
plasters,19
plasmons,19
planting,19
plankton,19
places,19
placepolygamy,19
placement,19
placemen,19
placelessness,19
placeless,19
pl,19
pkb,19
pixelized,19
pixe,19
piv,19
pital,19
piriero,19
piping,19
pipelines,19
pinning,19
pine,19
pinch,19
pilot,19
pilling,19
piles,19
pile,19
pigeon,19
piezocomposites,19
pier,19
piecewise,19
pictorial,19
pic,19
physiological,19
physically,19
phylogeography,19
phylogeny,19
phylogenetics,19
phragmites,19
photosynthesis,19
photosensor,19
photoresponsivity,19
photopolymers,19
photopolymer,19
photoplethysmographic,19
photometric,19
photomasks,19
photolithography,19
photointerpretation,19
photograph,19
photogrammetric,19
photoemission,19
photoelectron,19
photoelectric,19
photoelasticity,19
photodynamic,19
photodetectors,19
photoacid,19
photo,19
phosphonic,19
phonology,19
phi,19
pheromone,19
phenomenon,19
phenomenology,19
phenology,19
phenolic,19
phatnom,19
phantoms,19
phantom,19
ph,19
pgis,19
pgf,19
petrinet,19
pests,19
pest,19
pervasive,19
perspectral,19
personality,19
permittivity,19
permitting,19
permeable,19
periphyton,19
periphery,19
peripheral,19
periodogram,19
perimeter,19
peridynamic,19
performativity,19
performatively,19
performances,19
perfo,19
perez,19
percutaneous,19
perceptions,19
percep,19
percentage,19
per,19
peptide,19
pentahedron,19
pensions,19
peninsular,19
penetrating,19
penetrat,19
penalty,19
pem,19
pelvis,19
pellicle,19
pelagic,19
peirce,19
pedotransfer,19
pedorichness,19
pedagogical,19
pecvd,19
peb,19
peat,19
peasant,19
pearson,19
pearl,19
pcr,19
pcai,19
pawr,19
pavement,19
paul,19
patriotism,19
patriarchy,19
pathways,19
pathological,19
pathfinding,19
pathfinder,19
patagonia,19
pastures,19
passsive,19
passiver,19
passband,19
pass,19
partner,19
particulate,19
parsing,19
parser,19
parent,19
parenchymal,19
parenchyma,19
parcellation,19
parcel,19
parbat,19
parametrization,19
parametrer,19
parameterization,19
parallelization,19
paralle,19
paradigms,19
paradigm,19
papr,19
papillary,19
panorama,19
pancreas,19
panchromatic,19
pan,19
palette,19
palestinians,19
paleoanthropology,19
palatini,19
palaeoanthropology,19
palace,19
paddock,19
pacvd,19
pacs,19
packing,19
packets,19
pacing,19
pa,19
ozone,19
oxyorthosilicate,19
oxymetry,19
oxyhemoglobin,19
oxy,19
overtopping,19
overlaying,19
overlapping,19
overhead,19
overfitting,19
overcomplete,19
overcoming,19
overall,19
outflows,19
outbound,19
ound,19
ouagadougou,19
otsu,19
otfs,19
otemporal,19
ote,19
ot,19
ostructure,19
osteometry,19
ostbc,19
osmosis,19
osmc,19
osl,19
osion,19
osint,19
osculating,19
oscillators,19
oscillating,19
orthotropic,19
orthophoto,19
ornstein,19
ornamental,19
ormosils,19
ormalized,19
oriza,19
orithm,19
orientalism,19
organs,19
organogenesis,19
organizing,19
organizations,19
organising,19
organisational,19
org,19
orderly,19
ordering,19
ordered,19
orchids,19
orb,19
optoacoustic,19
optimum,19
optimizing,19
optimality,19
opportunities,19
opportunistic,19
opinion,19
ophthalmology,19
ophiuchus,19
operating,19
operated,19
openscenegraph,19
openness,19
opening,19
openflight,19
opc,19
op,19
ooc,19
onto,19
ont,19
onset,19
ons,19
onomatopoeia,19
onboard,19
omni,19
olution,19
olony,19
ologies,19
oli,19
olfactory,19
olfaction,19
oled,19
okra,19
oint,19
oid,19
oh,19
offsets,19
offset,19
off,19
ofdr,19
ofdai,19
oecd,19
odwt,19
odontoblast,19
odd,19
od,19
oculus,19
ocular,19
octree,19
oceanography,19
ocd,19
occurrence,19
occupation,19
occidentalism,19
observational,19
nxe,19
nutrient,19
nurbs,19
numeracy,19
nudging,19
nucleotide,19
ntation,19
nstable,19
nsom,19
nsga,19
nsct,19
ns,19
nr,19
nqr,19
npkdiscrimination,19
nowcasting,19
nowcast,19
novelty,19
nouns,19
note,19
nosql,19
northern,19
normed,19
normalizat,19
normalisation,19
nordic,19
nop,19
noon,19
nonrigid,19
nonpremixed,19
nonparametric,19
nonobtuse,19
nonnegativity,19
nonmetric,19
nonequivalence,19
none,19
nondegeneracy,19
noncooperation,19
nonconvex,19
nonadditive,19
nomos,19
nominal,19
noguchi,19
noes,19
nodules,19
nmf,19
nmdc,19
nlse,19
nlp,19
niyanghe,19
nitrous,19
nitrification,19
nitriding,19
nitrides,19
nitride,19
nitrate,19
niobium,19
nino,19
niklas,19
night,19
nif,19
ngn,19
next,19
nexafs,19
newspaper,19
neutrons,19
neurovascular,19
neuroscience,19
neuropsychological,19
neurophysiology,19
neurophenomenology,19
neurolucida,19
neurogenesis,19
neurofeedback,19
neuroevolution,19
neuro,19
neumann,19
nets,19
netherlands,19
nesterov,19
ness,19
nervous,19
nerve,19
neoantigens,19
nent,19
neighbourhood,19
neighborhoods,19
negotiation,19
needs,19
necessary,19
nearby,19
ne,19
nde,19
ndc,19
ndbacuo,19
nd,19
ncg,19
nce,19
navigational,19
navigating,19
nations,19
nationalism,19
nation,19
nasa,19
narx,19
narratology,19
narratives,19
narration,19
napoleonic,19
nanowires,19
nanotubes,19
nanotube,19
nanotomography,19
nanotip,19
nanostructuring,19
nanostructures,19
nanostructure,19
nanoscopic,19
nanopowders,19
nanopillars,19
nanopartic,19
nanometer,19
nanomanufacturing,19
nanoindentation,19
nanograting,19
nanofabrication,19
nanodomains,19
nanocrystals,19
nanocomposite,19
nanocomplex,19
nanoclusters,19
nanocd,19
nangagosa,19
nanga,19
nanchang,19
nan,19
namic,19
name,19
nam,19
nalyzer,19
nakdong,19
nakagami,19
nail,19
nagetive,19
naep,19
na,19
mythos,19
mythic,19
mytheme,19
myth,19
mysticism,19
myoelectric,19
mwir,19
mwc,19
mutually,19
museums,19
musculoskeletal,19
muscle,19
murals,19
municipal,19
mummy,19
muliphoton,19
mulberry,19
mueller,19
mudflats,19
muddleheaded,19
mss,19
msp,19
mser,19
mscms,19
mps,19
mponent,19
mpling,19
mout,19
mountaintourism,19
mott,19
motivation,19
motility,19
moss,19
mortality,19
morse,19
morphometric,19
morphogenesis,19
moothing,19
montreuil,19
monstrous,19
monolithic,19
monod,19
monochromatic,19
monocentric,19
mono,19
monitor,19
moje,19
moire,19
modulus,19
modis,19
moderate,19
mobius,19
mmwave,19
mm,19
miyun,19
mixer,19
mittag,19
mitigation,19
mistuning,19
missions,19
missenard,19
miso,19
misfit,19
mises,19
miscommunication,19
miscellaneous,19
mirrored,19
miri,19
minute,19
minnesota,19
minimization,19
minimal,19
miniaturized,19
miniaturization,19
mini,19
mingyuefeng,19
ming,19
mines,19
minerals,19
mineral,19
mims,19
mime,19
milp,19
mill,19
milieu,19
mildew,19
milarity,19
milan,19
miget,19
mie,19
midline,19
middleware,19
microvasculature,19
microtubules,19
microtomography,19
microstructured,19
microstructural,19
microsphere,19
microsoft,19
microscanning,19
microrna,19
microregion,19
micropropulsion,19
microprobe,19
microplastic,19
microplasma,19
microoptics,19
microoptic,19
micromixer,19
microlithography,19
microlens,19
microgravity,19
microfracturing,19
microenvironment,19
microelectrode,19
microelastic,19
microearthquake,19
microdomain,19
microdissection,19
microdisplay,19
microcirculatory,19
microcirculation,19
microchannel,19
microcavities,19
microbubble,19
microblogs,19
microblog,19
microbial,19
microarray,19
micr,19
michel,19
michaelis,19
mic,19
miami,19
mi,19
mhd,19
mg,19
mfd,19
meun,19
metropolization,19
metropolita,19
metrical,19
metonymy,19
metohija,19
methanosarcina,19
meth,19
metasurfaces,19
metapopulation,19
metaphors,19
metaphorical,19
metamaterial,19
metals,19
metabolite,19
met,19
mesostructure,19
mesopause,19
mesological,19
mesogranulation,19
meshwork,19
meshes,19
merleau,19
merkabah,19
mercury,19
meranti,19
menus,19
mension,19
meniscus,19
memristor,19
membranes,19
membership,19
melanogaster,19
megalopolises,19
megacities,19
meef,19
medieval,19
mediality,19
mechanoreception,19
mechano,19
mechanistic,19
mechanis,19
mechanic,19
measured,19
measu,19
means,19
mdssdm,19
mds,19
mdm,19
mdlpp,19
md,19
mcps,19
mciss,19
mcd,19
maxwell,19
maxma,19
maximization,19
maximally,19
mavric,19
matlab,19
mathematics,19
mathematically,19
mateus,19
maternal,19
matern,19
matb,19
master,19
massif,19
masses,19
masks,19
maskless,19
masked,19
masan,19
martial,19
martensite,19
marsis,19
mars,19
marking,19
marketization,19
markers,19
marked,19
marginalized,19
marginal,19
marching,19
marcan,19
mapx,19
mapreduce,19
manufacturability,19
manuel,19
mantaray,19
manifesto,19
manhae,19
maneuvering,19
manasi,19
mammograms,19
mammogram,19
maltodextrin,19
malonylation,19
malliavin,19
mallat,19
malignancy,19
malicious,19
maldi,19
majorization,19
main,19
mahalnobis,19
magnitude,19
magnetotelluric,19
magnetostriction,19
magnetosphere,19
magnetooptics,19
magnetohydrodynamic,19
magnetoenc,19
magneto,19
magnetization,19
magma,19
magigan,19
madame,19
macular,19
macula,19
macropore,19
machined,19
machanism,19
macedonia,19
macchina,19
mac,19
mab,19
lysine,19
lymphangiography,19
lwir,19
luxor,19
lution,19
lutetium,19
lund,19
lunar,19
lumpur,19
lumped,19
lumisty,19
lumigraph,19
luhmann,19
lucas,19
lubrication,19
lst,19
lsh,19
lsco,19
lsci,19
ls,19
lrw,19
lpis,19
lp,19
lower,19
lost,19
los,19
longwave,19
longleaf,19
longitudinal,19
longfeng,19
london,19
lomo,19
logo,19
lognormal,19
logical,19
lod,19
locust,19
locking,19
locke,19
locator,19
loaded,19
lo,19
lms,19
lmmse,19
lm,19
llite,19
ll,19
livability,19
liturgical,19
littoralis,19
lithographic,19
literacy,19
lists,19
listener,19
lishui,19
liquefaction,19
lipnet,19
linking,19
linkages,19
linienstruktur,19
lineament,19
linage,19
limestone,19
lima,19
lignment,19
lightweight,19
lightfield,19
lifting,19
lifted,19
lift,19
lifetimes,19
lifestyles,19
lifeline,19
lifecycle,19
licy,19
libraries,19
lianyungang,19
lhcd,19
lhc,19
lge,19
levenberg,19
levels,19
lesions,19
les,19
lemma,19
lem,19
leitbild,19
leisure,19
lego,19
legistlation,19
legal,19
leben,19
leapfrog,19
leaning,19
lea,19
lds,19
ldpc,19
lcos,19
lcml,19
lbg,19
lbb,19
laysan,19
layouts,19
lation,19
latency,19
last,19
lasso,19
larray,19
langua,19
langmuir,19
lanes,19
landuse,19
landmines,19
landmine,19
landform,19
landfills,19
landfill,19
landcover,19
lamination,19
laminar,19
lamellar,19
laguerre,19
lackout,19
labour,19
laboratory,19
labeling,19
kv,19
kuwait,19
kullback,19
kudus,19
kuala,19
krylov,19
krull,19
kroemer,19
krf,19
kraskov,19
kototabang,19
kosovo,19
kosan,19
konya,19
knife,19
klt,19
klm,19
klee,19
klaus,19
kivu,19
kitchen,19
kirkpatrick,19
kinesthesia,19
kinesis,19
kinematical,19
ki,19
keyword,19
keypeck,19
kenya,19
keller,19
keating,19
kd,19
kc,19
kbsm,19
kazuyo,19
kangavar,19
kangaroo,19
kaluza,19
kairos,19
kac,19
ka,19
jwst,19
just,19
junghaegyulsamun,19
june,19
junctions,19
judgment,19
judgement,19
jpss,19
jogakbo,19
job,19
jndd,19
jinghe,19
jindrichuv,19
jinan,19
jiltering,19
jiashan,19
jiansanjiang,19
jewish,19
jets,19
jerkiness,19
jenlab,19
jem,19
jeffrey,19
jection,19
jatropha,19
jammer,19
jakob,19
jakarta,19
j,19
ity,19
its,19
ito,19
iterators,19
iter,19
item,19
italy,19
itaewon,19
it,19
istribution,19
issenschaft,19
isparta,19
isovist,19
isotopy,19
isle,19
isl,19
ising,19
ish,19
is,19
irt,19
irrigation,19
irrigated,19
irregularity,19
iric,19
ipsilateral,19
iphone,19
ions,19
ionospheric,19
ionosphere,19
ional,19
iodine,19
involvement,19
inviscid,19
investor,19
investigation,19
inverted,19
inverloch,19
invasive,19
inundation,19
intuitive,19
intrusiveness,19
intraoral,19
intraocular,19
intracellular,19
into,19
intestinal,19
interviews,19
interventions,19
intertidal,19
interstellar,19
interstate,19
interseismic,19
intersectional,19
intersecting,19
interrelation,19
interregional,19
interreg,19
interpretative,19
interpretable,19
interpolating,19
interpersonal,19
interparticle,19
internationalization,19
internally,19
intermetallics,19
intermediate,19
intermedialit,19
interlimb,19
interleaved,19
interleave,19
intergral,19
interferograms,19
interferential,19
interfe,19
intercellular,19
intensive,19
intensifiers,19
intensifier,19
inteilace,19
integro,19
integrator,19
integrating,19
integrals,19
integrable,19
int,19
insulator,19
instrumentat,19
instrument,19
institutional,19
institute,19
instantaneous,19
instant,19
instances,19
instabilit,19
inspired,19
inspire,19
insider,19
insertion,19
insecurity,19
ins,19
inrush,19
inquiry,19
inputs,19
inp,19
inorganic,19
inner,19
ink,19
injuries,19
injection,19
initialization,19
inhomogeneous,19
inhomogeneity,19
inhibitors,19
ingle,19
infrastructural,19
infrareds,19
infra,19
infotainment,19
informed,19
informal,19
inforination,19
influencing,19
infinity,19
infilling,19
infill,19
infectious,19
infection,19
infantile,19
inertia,19
inequalities,19
industrialisation,19
individualization,19
indium,19
indication,19
indian,19
increment,19
increase,19
incorporated,19
income,19
incoherent,19
incoherence,19
incipal,19
incident,19
incheon,19
incarnation,19
inappropriate,19
inacio,19
ims,19
imputation,19
impulses,19
impregnated,19
implosion,19
implantation,19
impl,19
impervious,19
imperial,19
imperfection,19
imperfect,19
impacts,19
imo,19
immunofluorescence,19
immunoblot,19
immoral,19
immigration,19
immateriality,19
imm,19
imitation,19
imagined,19
illusional,19
illusion,19
illlusion,19
ildm,19
ikonische,19
ii,19
ignition,19
ignal,19
igbt,19
ifu,19
ific,19
ies,19
iented,19
ieee,19
idw,19
idrisi,19
ideology,19
ideologies,19
ideological,19
identities,19
identifiers,19
identifier,19
identificatio,19
idct,19
ics,19
icrf,19
icp,19
icore,19
iconographic,19
iconicity,19
iconic,19
ic,19
ibw,19
ibsc,19
ibm,19
iberian,19
iational,19
hysteresis,19
hypoxia,19
hyporheic,19
hypogean,19
hypervelocity,19
hypertori,19
hyperthermia,19
hyperspec,19
hypersonic,19
hyperplane,19
hypermatrix,19
hyperecubes,19
hypercube,19
hype,19
hymap,19
hyerspectral,19
hydrothermal,19
hydropower,19
hydromorphologies,19
hydrologic,19
hydroforms,19
hydrofoil,19
hydride,19
hydrate,19
hybridization,19
hyaluronic,19
hurst,19
hungary,19
hukou,19
huffman,19
huber,19
hubei,19
hubble,19
hub,19
huabiao,19
htm,19
hsv,19
hst,19
hrushovski,19
hrir,19
hradec,19
hpo,19
hpml,19
hours,19
hourly,19
hotelling,19
hotan,19
horton,19
hormone,19
hormonal,19
horizonatal,19
hopping,19
hope,19
honggildongjeon,19
hong,19
honeycomb,19
honey,19
homosexuality,19
homography,19
homogenizer,19
homogeneous,19
homogenate,19
homochirality,19
homo,19
homelessness,19
homeland,19
holy,19
holovizio,19
hololens,19
holocaust,19
holl,19
holder,19
ho,19
hmd,19
hm,19
hiv,19
hisui,19
histrogram,19
histrical,19
histotripsy,19
histological,19
hirata,19
hipims,19
hipercubica,19
hindukush,19
hindrance,19
hindcast,19
himalaya,19
hii,19
highlight,19
highdimension,19
hierarchial,19
hiding,19
hgcdte,19
hfss,19
hf,19
hexacopter,19
heungnam,19
heterotrophic,19
heterostructure,19
heteroscedastic,19
heteroepitaxy,19
heston,19
hessian,19
hertz,19
hermite,19
heritag,19
hepatocytes,19
hepatocellular,19
henan,19
hemoglobin,19
hemodynamics,19
hemodynamic,19
hemiparesis,19
hematoxylin,19
helmholtz,19
helix,19
helium,19
hekhalot,19
hejduk,19
heihe,19
hei,19
hegemony,19
hedgerow,19
hea,19
hdtv,19
hd,19
hci,19
haze,19
hawaii,19
hatred,19
hashtag,19
hash,19
harmony,19
harmonisation,19
hardy,19
hardness,19
hardening,19
hardenable,19
harbor,19
haramosh,19
har,19
haptic,19
hanoi,19
handwritten,19
handwriting,19
handling,19
handcrafted,19
hamming,19
hamiltonian,19
ham,19
halftone,19
half,19
haengdan,19
hadrons,19
hadronization,19
hadron,19
habitat,19
gyrotron,19
gyration,19
gyeongju,19
gyeong,19
gwr,19
gweomswae,19
gvis,19
gurbantunggut,19
gunten,19
gun,19
gumbel,19
gum,19
gulf,19
guangdong,19
groupwise,19
grosz,19
grisms,19
grism,19
gripping,19
gripper,19
grinding,19
grillage,19
greenhouses,19
greenhouse,19
greenbelt,19
greater,19
graviton,19
gravin,19
gratification,19
grassberger,19
grass,19
grase,19
granulometry,19
granulation,19
granite,19
granger,19
grammar,19
graminoids,19
grains,19
grained,19
graffiti,19
grading,19
gradation,19
gprs,19
gpp,19
gpm,19
gpcp,19
governmentaliy,19
goods,19
gongju,19
gompertz,19
golden,19
gohaina,19
goguryeo,19
goes,19
goe,19
godavari,19
god,19
go,19
gmrf,19
gmm,19
gml,19
gmaps,19
glucose,19
glr,19
gloss,19
glocalization,19
glocalism,19
gliomas,19
glehnia,19
gland,19
givens,19
gistics,19
girder,19
gini,19
ging,19
gimbaled,19
gil,19
gigapixel,19
gigabit,19
gifted,19
gical,19
gi,19
ghz,19
ghsl,19
geunso,19
gestalt,19
gesamkunstwerk,19
ges,19
germany,19
geran,19
geovisualization,19
geovisual,19
geotourism,19
geosparql,19
george,19
georegistration,19
georeferencing,19
georeference,19
geopolitical,19
geophysical,19
geonames,19
geomarketing,19
geomagnetism,19
geologic,19
geolo,19
geoinformatics,19
geohistorical,19
geoheritage,19
geodesic,19
geodata,19
geocoding,19
geocaching,19
geocaches,19
geobrowser,19
geoarchaeology,19
genomic,19
genome,19
genocide,19
generic,19
generators,19
generat,19
generalised,19
generalisation,19
gener,19
genealogy,19
gendered,19
gem,19
geant,19
ge,19
gdynia,19
gdansk,19
gbsm,19
gauge,19
gation,19
gating,19
gates,19
gata,19
gastrulation,19
gastrointestinal,19
gasket,19
gases,19
gaseous,19
garment,19
gaps,19
gaofen,19
gao,19
ganglion,19
gaming,19
galilean,19
galaxies,19
galati,19
gadolinium,19
fyeo,19
fw,19
fuzziness,19
fuv,19
futurism,19
future,19
fusiont,19
fusing,19
furnace,19
funhouse,19
fundamentals,19
functor,19
fully,19
fullerene,19
fts,19
ft,19
fso,19
frw,19
frontier,19
fronthaul,19
frontal,19
friendly,19
friedmann,19
fricke,19
fresh,19
freight,19
freeform,19
freedom,19
frechet,19
fraud,19
francois,19
france,19
framing,19
frameworks,19
fractural,19
fractiona,19
fps,19
fpas,19
fp,19
foxconn,19
fourfold,19
foundations,19
foucault,19
formulation,19
formula,19
forms,19
formative,19
formal,19
forging,19
foreigners,19
forced,19
foramtion,19
foodstuffs,19
folnl,19
follwing,19
folding,19
fokker,19
fog,19
focalization,19
fo,19
fnea,19
flyer,19
fly,19
fluvial,19
fluidics,19
flowmetry,19
floor,19
floods,19
floodplains,19
floodplain,19
flipped,19
flights,19
flexiblility,19
flegrei,19
flavor,19
flatne,19
flashback,19
flaming,19
flames,19
flame,19
fixture,19
fixed,19
five,19
fitts,19
fits,19
fission,19
fishing,19
fisheye,19
fischer,19
firm,19
fir,19
fingerprint,19
finetuning,19
finding,19
financing,19
financialization,19
files,19
figurative,19
fighting,19
fidelity,19
fictive,19
fibroblasts,19
fibrinogen,19
fibonacci,19
fficients,19
fference,19
fetish,19
fet,19
fertilizer,19
ferromagnetic,19
ferrofluid,19
femtocell,19
feminization,19
fel,19
feculence,19
feathers,19
fdsi,19
fdi,19
fda,19
fbg,19
fauna,19
fatalities,19
fat,19
farms,19
farmer,19
fare,19
faraday,19
family,19
familiarity,19
fairing,19
factory,19
factoriztion,19
facies,19
faceted,19
facet,19
faceplate,19
fabry,19
fabrics,19
f,19
extrusion,19
extremal,19
extractio,19
extinction,19
externalities,19
extensions,19
extension,19
extensible,19
extends,19
express,19
exposed,19
export,19
expo,19
explosives,19
explosive,19
explosion,19
exploring,19
exploratory,19
explainability,19
expert,19
experiential,19
experiencing,19
expansionism,19
expanding,19
exoplanets,19
exodus,19
exit,19
existence,19
exhibitors,19
exhalation,19
execution,19
excitat,19
excimer,19
excess,19
exceedances,19
excavation,19
example,19
examination,19
exaction,19
exact,19
ex,19
ewt,19
ew,19
evolutional,19
evidential,19
everglades,19
evelopment,19
evaluations,19
eurosdr,19
euljiro,19
eulj,19
ethnology,19
ethnicity,19
ethnic,19
eternity,19
eternal,19
estuary,19
esthetic,19
essential,19
esponse,19
esdp,19
esda,19
escalator,19
es,19
erythrocytes,19
erodibility,19
ero,19
ergonomics,19
ergodicity,19
ergodic,19
erference,19
erda,19
erd,19
erbium,19
eras,19
era,19
equivariance,19
equivalently,19
equity,19
equisetifolia,19
equipment,19
equilateral,19
equi,19
equence,19
equality,19
epsil,19
epr,19
epistemology,19
epipolar,19
epigean,19
epidemiology,19
epic,19
ephemeral,19
ephalograph,19
eparticipation,19
eosin,19
eo,19
envelope,19
envelop,19
enumeration,19
entertainment,19
enterprises,19
enterprise,19
entangled,19
ensembles,19
ensembled,19
enrichment,19
enjoy,19
engraving,19
engaged,19
endoscopic,19
endogenous,19
endmembers,19
end,19
enculturation,19
encounter,19
encoded,19
enclosure,19
ems,19
emplo,19
emphatic,19
emotio,19
emitting,19
emhd,19
emerson,19
emergent,19
emergence,19
ementation,19
emd,19
emccds,19
embossed,19
embodiment,19
embodied,19
emblem,19
embedded,19
emantics,19
elves,19
elms,19
ellular,19
elliptic,19
ellipsoid,19
ellipse,19
elisabeth,19
eliot,19
elf,19
elevated,19
eletromagnetic,19
elephant,19
elementary,19
elemental,19
electrophysiology,19
electrophysiological,19
electrophoresis,19
electronics,19
electromyogram,19
electromagnetism,19
electroenterogram,19
electroencephalography,19
electrodynamics,19
electrochemistry,19
electrochemical,19
electrocardiography,19
electricity,19
elections,19
election,19
elasto,19
elaborate,19
el,19
eit,19
eir,19
einstein,19
eigenvectors,19
eigenvector,19
eigenvalue,19
eigenproblem,19
eigenfunctions,19
eigendecomposition,19
egyptian,19
egypt,19
egprs,19
egovernment,19
egocentric,19
ego,19
egg,19
efflux,19
eecr,19
editor,19
editing,19
edison,19
edges,19
eddy,19
ectotone,19
ecton,19
ection,19
ecotourism,19
ecotones,19
ecotone,19
ecophysiology,19
economies,19
economics,19
economical,19
econom,19
ecognition,19
ecision,19
ec,19
ebsd,19
ebccds,19
eavesdropper,19
eating,19
eater,19
eastern,19
eas,19
earthquakes,19
ear,19
ead,19
ea,19
dystopias,19
dynasty,19
dxf,19
dvc,19
dutch,19
dusty,19
dust,19
duration,19
duplexing,19
dunes,19
duk,19
ductile,19
dubai,19
duality,19
dss,19
dslr,19
dsla,19
dscqs,19
ds,19
drought,19
drivers,19
drive,19
drift,19
drawings,19
dramaturgy,19
drag,19
dpssl,19
dpmm,19
downtilt,19
downscaling,19
downsampling,19
download,19
downconversion,19
dorsal,19
dopant,19
domestic,19
doing,19
documents,19
documentation,19
documentary,19
document,19
doctrine,19
docking,19
doas,19
dmm,19
dmb,19
dma,19
dlt,19
dlpp,19
dla,19
divinity,19
diver,19
ditch,19
disturbances,19
disturbance,19
districts,19
distin,19
distal,19
dissipation,19
dispositif,19
displaced,19
dispersed,19
dispersal,19
disordered,19
disney,19
disks,19
disinfection,19
disentanglement,19
diseases,19
discriminative,19
discretion,19
discourse,19
discount,19
discontinuity,19
disconnectedness,19
disc,19
disasters,19
disambiguation,19
disadvantaged,19
disability,19
directivity,19
directions,19
directionality,19
dipole,19
dioxide,19
dinsar,19
ding,19
dimel,19
dilution,19
dilated,19
digits,19
digitized,19
digitisation,19
digest,19
differenz,19
differentiator,19
dietary,19
diet,19
diesel,19
dielectrics,19
didactics,19
dichroism,19
dibr,19
diao,19
diameter,19
diamagnetism,19
dialogue,19
dialogic,19
diagrams,19
dhe,19
dg,19
dftlms,19
dffoct,19
df,19
deuterium,19
detrended,19
detonation,19
deterministic,19
determination,19
determinants,19
determinant,19
det,19
destruction,19
destriping,19
destinations,19
desorption,19
desire,19
desert,19
dermal,19
deposits,19
depository,19
depolarization,19
deployments,19
deployment,19
department,19
dental,19
densification,19
densenet,19
denitrification,19
demosaicking,19
demosaic,19
demographical,19
demographic,19
demodulation,19
democratization,19
democratic,19
delta,19
delocalization,19
delirium,19
delimitation,19
delft,19
delays,19
deictic,19
degeneration,19
degenerate,19
degasperis,19
deflation,19
defense,19
defence,19
defector,19
deepfakes,19
dectection,19
decryption,19
decreasing,19
decoupled,19
decontamination,19
decomposable,19
decolorization,19
decoder,19
decode,19
decline,19
deck,19
decisionism,19
debris,19
deblocking,19
death,19
deafness,19
dead,19
dea,19
dctlms,19
dcd,19
dbmss,19
dbd,19
dbc,19
dayuan,19
days,19
dating,19
darwinism,19
darwinian,19
dart,19
danwei,19
danube,19
danger,19
damped,19
dammed,19
dambrk,19
damaged,19
dalt,19
dalinor,19
daegu,19
daechung,19
da,19
czech,19
cytodifferentiation,19
cyprus,19
cypress,19
cylinders,19
cyclostationary,19
cyclic,19
cycles,19
cybercrime,19
cybe,19
cwt,19
cvae,19
cutting,19
cut,19
customary,19
curvilinear,19
curvelets,19
curvelet,19
curriculum,19
curling,19
curity,19
cure,19
curcas,19
cuprate,19
cubesat,19
cubes,19
cuaro,19
cu,19
ctral,19
ctia,19
ctc,19
csam,19
cs,19
crystallography,19
cryptosystems,19
crust,19
crunodes,19
crtm,19
crown,19
crowding,19
crosstalk,19
crossmodal,19
crossed,19
crops,19
cropland,19
critique,19
crfs,19
crest,19
creep,19
creator,19
crashes,19
crash,19
crank,19
cran,19
cramer,19
cracks,19
cracking,19
cpu,19
cpd,19
cox,19
cow,19
covid,19
covariate,19
coustoelectric,19
court,19
course,19
coupler,19
couple,19
coup,19
country,19
countries,19
counties,19
counters,19
coulomb,19
cottbus,19
costa,19
cosmopolitics,19
cosmopolitanism,19
cosmological,19
cosmetic,19
cos,19
corrosion,19
corridors,19
corresponding,19
correspondences,19
correspondence,19
corrections,19
corre,19
corona,19
corine,19
coregionalization,19
core,19
corbusier,19
copy,19
coprime,19
copolymer,19
cop,19
cooperativeness,19
cooperated,19
cooper,19
coolant,19
convnet,19
conviviality,19
converters,19
converter,19
converse,19
conversation,19
convergent,19
conventions,19
convention,19
convective,19
convection,19
contribution,19
contradictory,19
continuance,19
contingency,19
contemporaneity,19
contamination,19
contaminated,19
consultative,19
consultancy,19
constructivism,19
constructions,19
constru,19
constitutional,19
constitution,19
constellations,19
constancy,19
consotrium,19
consolation,19
consistent,19
connectome,19
connections,19
connecting,19
conne,19
conjugation,19
congnitive,19
confusion,19
confrontation,19
conflicts,19
confined,19
confidence,19
conductance,19
conditioned,19
condenser,19
condensation,19
condensates,19
concurrent,19
concert,19
concerns,19
conceptions,19
conception,19
concentric,19
concealed,19
con,19
computations,19
comprehensiveness,19
compound,19
completely,19
complements,19
complementarity,19
competitiveness,19
competing,19
competent,19
compatible,19
compartment,19
company,19
compaction,19
comp,19
communal,19
committee,19
commercial,19
commentary,19
commands,19
comfort,19
comfa,19
comenius,19
com,19
colors,19
colorectal,19
colonscopic,19
colonized,19
colonic,19
colon,19
colloid,19
collider,19
collective,19
collagen,19
colin,19
coil,19
coherency,19
cogeneration,19
coflow,19
coffee,19
coextension,19
coe,19
codimension,19
coaxial,19
coarseness,19
coarse,19
coarctation,19
cnns,19
cml,19
cma,19
clutch,19
clumping,19
clstm,19
clr,19
cloth,19
closure,19
closing,19
clipping,19
climatic,19
climates,19
clifford,19
cliff,19
client,19
clickstream,19
clean,19
classroom,19
classifying,19
classify,19
claddi,19
citation,19
cirrus,19
circulation,19
circulating,19
circuits,19
ciphertext,19
cip,19
cinematic,19
cimic,19
cieluv,19
ciation,19
ci,19
chunsu,19
chungsancheung,19
chungju,19
chuncheon,19
chronotope,19
chronos,19
chromotomosynthesis,19
chromosomes,19
chromatin,19
christian,19
chosen,19
choryang,19
choreography,19
chora,19
chopper,19
chongqing,19
cholangiocarcinoma,19
chlorophyll,19
chirps,19
chinul,19
children,19
childhood,19
child,19
chicken,19
chicago,19
chi,19
chessboard,19
cherenkov,19
cheongjun,19
cheon,19
chemometrics,19
chemically,19
checking,19
checkin,19
che,19
charged,19
chapel,19
chaology,19
chanics,19
chambers,19
chalcogenides,19
chaemuk,19
ch,19
cgh,19
cgal,19
cfd,19
cf,19
certainty,19
cerium,19
ceramics,19
cepstrum,19
centroidal,19
centroid,19
centralization,19
cenozoic,19
cement,19
cedric,19
cdma,19
cdm,19
cdc,19
cdafm,19
cct,19
ccos,19
ccds,19
cca,19
cbct,19
causality,19
caucasus,19
cathodoluminescence,19
category,19
categories,19
catalysts,19
catalysis,19
catalogue,19
cat,19
casuarina,19
castells,19
casp,19
case,19
carving,19
carved,19
cartosat,19
cartographic,19
carrying,19
carpet,19
carotid,19
carnival,19
carmoticon,19
carl,19
cardiovascular,19
carbonite,19
car,19
capstone,19
capon,19
capitalism,19
capillary,19
capacitive,19
capacities,19
canvas,19
canola,19
canny,19
candidate,19
candi,19
canard,19
campus,19
camps,19
campi,19
campaign,19
camp,19
camouflaged,19
cameras,19
cama,19
cali,19
cales,19
caldera,19
calder,19
calculus,19
calculating,19
calcium,19
cal,19
cage,19
cafe,19
caches,19
cabo,19
cables,19
cable,19
caatinga,19
by,19
buyong,19
buyeo,19
butt,19
butler,19
bustion,19
bussgang,19
busbar,19
bursts,19
burning,19
burn,19
bupyeong,19
bundang,19
buk,19
built,19
build,19
buffet,19
buffers,19
buffering,19
budget,19
buddha,19
bubble,19
btd,19
brussels,19
brushlet,19
brushing,19
bruises,19
browsing,19
brovey,19
broadening,19
broad,19
bridges,19
brewster,19
breat,19
brease,19
breaking,19
break,19
breadth,19
breach,19
brdfs,19
bration,19
branded,19
brand,19
branches,19
brainstorming,19
bovw,19
boussinesq,19
bounding,19
boulder,19
bottleneck,19
bottle,19
both,19
boston,19
bose,19
borne,19
boric,19
borehole,19
bootstrapped,19
boost,19
bone,19
bonding,19
bojo,19
boethius,19
bodies,19
bloom,19
blocks,19
blocked,19
blends,19
blending,19
blank,19
blade,19
blackout,19
bjerknes,19
bispectra,19
bismuth,19
birth,19
birdcall,19
biotope,19
biotissues,19
biotechnology,19
biotechnical,19
biosphere,19
biosignatures,19
biosensor,19
biopsy,19
bioprospecting,19
biopolymer,19
biomimetic,19
biometric,19
biomass,19
bioinformatics,19
biocomplexity,19
bildw,19
bildlichkeit,19
biennale,19
bidispersive,19
bidirectional,19
bidimensional,19
bichromatic,19
bewegung,19
beta,19
best,19
bernstein,19
bernoulli,19
ber,19
bent,19
benjamin,19
benign,19
benefits,19
benchmarking,19
benchmark,19
belt,19
belonging,19
believable,19
belgian,19
being,19
behaviors,19
behavioral,19
bees,19
bee,19
bean,19
bead,19
beachgoers,19
bdpca,19
bci,19
bazin,19
bayes,19
batik,19
bathroom,19
batch,19
bases,19
baseband,19
baroque,19
barley,19
bargaining,19
bannu,19
banners,19
banking,19
bank,19
balloon,19
ballistic,19
ballast,19
ball,19
balkan,19
bakhktin,19
bai,19
bacteriorhodopsin,19
backward,19
backtracking,19
backpropagation,19
backplane,19
backhauls,19
ba,19
ay,19
axisymmetric,19
axiomatic,19
axial,19
axelrod,19
aware,19
award,19
avmnd,19
aviris,19
avery,19
averages,19
avatars,19
avasr,19
available,19
av,19
auxiliary,19
authorization,19
australis,19
australia,19
austenitic,19
augustinian,19
augnsented,19
augen,19
aufl,19
auf,19
audiovisual,19
audience,19
auav,19
ature,19
attitudes,19
attern,19
attendees,19
attendance,19
attainment,19
attacks,19
attack,19
atrophy,19
atrioventricular,19
atrial,19
atoms,19
atomistic,19
atoll,19
atlantics,19
atlanta,19
ation,19
atial,19
ategy,19
asynchronous,19
asymptotics,19
asymmetry,19
astronomy,19
assurance,19
associative,19
asso,19
assistant,19
assignment,19
assets,19
assembler,19
assemblage,19
asphere,19
asift,19
ase,19
asd,19
ascending,19
asa,19
as,19
articulography,19
articles,19
arthroplasty,19
arth,19
arteries,19
arterial,19
artefact,19
arms,19
ark,19
arithmetical,19
aridzone,19
argus,19
argos,19
argon,19
arf,19
arendt,19
arduino,19
arcsde,19
arcobjects,19
architectonics,19
archetype,19
archeology,19
archaea,19
arch,19
arabica,19
arabic,19
arabian,19
arab,19
ara,19
aquifer,19
aquarius,19
aps,19
apps,19
approximations,19
appropriation,19
appro,19
appraisals,19
appraisal,19
applying,19
appliances,19
applet,19
apparent,19
app,19
apocalyptic,19
apertures,19
aperiodic,19
apds,19
apache,19
aotic,19
aortic,19
aorta,19
anyway,19
anything,19
anybody,19
anxiety,19
antisymmetry,19
antinomies,19
antiferromagnet,19
anthropometric,19
anthropology,19
anthropogenic,19
antarctica,19
ansys,19
anordnung,19
anodizing,19
anodic,19
annular,19
annual,19
annotations,19
annotation,19
annihilating,19
annals,19
ann,19
anisoplanatism,19
animations,19
animated,19
anharmonic,19
anglo,19
angiogenesis,19
angel,19
anck,19
anchovy,19
anchoring,19
anatomy,19
anatomical,19
anambra,19
analyze,19
analyte,19
analysisp,19
analysisca,19
analysing,19
anal,19
anagement,19
amplitude,19
amplifiers,19
amplified,19
amplification,19
amorphous,19
ammonification,19
amf,19
ames,19
american,19
ambivalent,19
ambisonics,19
ambiances,19
amazon,19
altitude,19
altimetry,19
altimeter,19
alternans,19
alt,19
alphabet,19
along,19
alltaliches,19
alltagsgeschichte,19
alley,19
allegorical,19
alization,19
alice,19
aliased,19
algorit,19
algebras,19
algae,19
alg,19
alfonso,19
alexander,19
alevism,19
alcubierre,19
alcator,19
albatross,19
alarms,19
alamouti,19
alaa,19
akap,19
airwatch,19
airs,19
aires,19
ainet,19
ain,19
aids,19
aided,19
aid,19
ahsi,19
agro,19
agreements,19
agoras,19
aging,19
aggregative,19
aggregates,19
aggre,19
ages,19
agencies,19
ag,19
aftertreatment,19
aftershock,19
affinity,19
affiliates,19
affects,19
aetiology,19
aero,19
adzuki,19
adult,19
adsorpti,19
admission,19
adjusted,19
adjoining,19
adjacency,19
ade,19
addressed,19
additivity,19
acupuncture,19
actuators,19
actors,19
actor,19
actinic,19
act,19
across,19
acreage,19
acquired,19
acoustooptic,19
acousto,19
aclv,19
acicl,19
aching,19
achievement,19
achievable,19
acdm,19
accumulated,19
accessible,19
accelero,19
accelerators,19
abundance,19
abstract,19
absorbing,19
absolute,19
abscisic,19
above,19
abortion,19
abnormity,19
ablated,19
abjection,19
abandoned,19
aba,19
lawseuclidean,18
maker,17
friction,17
dbms,17
transfor,1
