정보,312
으로,253
국토,230
공간,222
도시,168
계획,164
에서,157
기술,152
산업,114
지역,114
지원,112
개발,105
활용,103
교통부,98
디지털,92
사업,92
분야,90
탄소,90
서비스,87
추진,85
위한,82
중립,81
구축,79
한다,77
기업,77
정책,75
데이터,73
생활,71
토지,68
통해,67
물류,67
위해,66
개최,64
도록,63
스마트,62
개선,60
기반,59
예정,58
성장,58
운영,56
혁신,53
창업,53
장관,53
체계,52
제도,49
강화,49
위성,49
교통,48
건설,48
가능,47
트윈,47
시스템,46
밝혔,46
다양,44
지자체,44
마련,43
서울,41
제공,41
대한,41
관리,41
관련,41
발전,40
전략,40
플랫,39
기관,38
부터,37
수립,37
조사,37
전문가,36
연구,36
한국,36
협력,36
기본,36
공사,36
확대,35
진행,35
지구,35
이번,35
라고,34
환경,33
이용,33
함께,33
정부,32
평가,32
적극,32
표준,32
투자,32
국내,31
국제,31
민간,31
국가,31
녹색,31
과제,31
수요,30
연계,30
종사자,30
통합,30
까지,29
활성,29
위원회,29
배송,29
방안,28
지속,28
발표,27
원희룡,27
센터,26
부처,26
택배,26
대상,25
선정,25
조성,25
된다,25
우리,25
회의,25
실증,25
필요,25
분석,24
참여,24
국민,24
검토,24
부울,24
공공,23
교육,23
공유,23
논의,23
우수,23
수상,23
사회,23
인증,23
부산,23
과정,23
프로그램,22
해결,22
시설,22
협업,22
행사,22
으며,22
에너지,22
인구,22
나갈,22
기대,22
복합,21
영상,21
선도,21
호선,21
도심,20
주요,20
중심,20
시티,20
시장,20
확보,20
신청,20
기준,20
또한,20
발굴,20
대응,20
도입,20
관계,20
지리,20
연장,20
통한,19
안전,19
따라,19
거쳐,19
확인,19
서울시,18
인공지능,18
사례,18
전환,18
차원,18
지정,18
이행,18
육성,18
핵심,18
주택,18
적용,18
김포,18
글로벌,17
지난,17
미래,17
변화,17
면서,17
규제,17
해외,17
증가,17
단계,17
현안,17
과학,16
아이디어,16
포럼,16
결과,16
공모,16
구성,16
세계,15
협약,15
공동,15
전문,15
청년,15
현장,15
역량,15
올해,15
온라인,15
였으며,15
경남,15
시행,15
신속,15
나라,15
성공,15
현재,15
철도,15
특히,14
체결,14
예측,14
규모,14
경제,14
로봇,14
연구원,14
구현,14
대한민국,14
대해,14
노력,14
내용,14
향후,14
에게,14
새싹,14
취업,14
대표,14
역할,14
의견,14
광역,14
신설,14
이용규,14
균형발전,14
새로운,13
첨단,13
문제,13
최종,13
제시,13
실현,13
인프라,13
효율,13
우주,13
연결,13
기후,13
사항,13
추가,13
이후,13
플랫폼,13
인재,13
주도,13
예비,13
타당,13
모형,13
한강,13
거래,13
사장,13
시간,12
확산,12
시상식,12
주제,12
성과,12
보호,12
결정,12
목표,12
반영,12
항공,12
창출,12
업체,12
소비자,12
조정,12
한다고,12
시대,12
융합,12
전체,12
총회,12
울산,12
김정렬,12
이상,11
프로젝트,11
업무,11
매칭,11
컨설팅,11
자율,11
드론,11
향상,11
종합,11
재생,11
확충,11
체험,11
감소,11
직접,11
심의,11
모빌리티,11
만큼,11
기구,11
기간,11
원전,11
감축,11
고려,11
그간,11
최초,10
오픈,10
경진,10
대회,10
시범,10
최신,10
원장,10
특화,10
생태,10
일자리,10
만나,10
다고,10
조치,10
회사,10
배달,10
시작,10
양성,10
방향,10
경우,10
기존,10
재난,10
변경,10
본격,10
제한,10
없이,10
방문,10
발족,10
조상,10
사업체,10
서비스업,10
실시간,9
실시,9
상황,9
지도,9
관심,9
진출,9
포함,9
문화,9
조례,9
민원,9
대행,9
거점,9
전시,9
제작,9
방식,9
구체,9
신규,9
세부,9
으나,9
벤처,9
협의,9
사전,9
이전,9
완료,9
부동산,9
내년,9
행정,9
환경부,9
매출액,9
유발,9
공개,8
도약,8
노선,8
시민,8
효과,8
재단,8
높이,8
공모전,8
경험,8
참석,8
버스,8
부문,8
모델,8
흥원,8
관계자,8
주관,8
국무총리,8
촉진,8
순환,8
처리,8
방지,8
전국,8
제정,8
소화물,8
사업자,8
거나,8
로서,8
심사,8
보험,8
개인,8
형태,8
최대,8
반려,8
엑스포,8
콘퍼런스,8
으로써,8
중요,8
세미나,8
수도,8
위원,8
따른,8
지방,8
습니다,8
구조,8
확정,8
대해서,8
협의회,8
공항,8
인근,8
정밀,8
구역,8
나가,8
정보원,8
강주,8
착수,8
해야,8
가상,8
가족,8
유치,8
계수,8
지능,7
모든,7
홍보,7
특별,7
보유,7
유형,7
소통,7
참가,7
메타,7
비행,7
기여,7
제고,7
사고,7
수준,7
주민,7
편의,7
점수,7
범죄,7
한편,7
상시,7
설립,7
콘텐츠,7
월드,7
실무,7
기회,7
대전환,7
라는,7
에티오피아,7
주행,7
맞춤,7
유연,7
합리,7
건물,7
인력,7
제조업,7
여건,7
주기,7
현황,7
해소,7
또는,7
콤팩트,7
부지,7
구간,7
절차,7
수행,7
취득,7
대하,7
행위,7
아니,7
사진,7
동안,7
다음,7
자동,7
생산,7
소사이어티,7
회원국,7
사망,7
박람회,7
위험,6
코로나,6
제안,6
토론,6
모니터링,6
인터넷,6
친환경,6
관한,6
접근성,6
장애,6
자전거,6
예방,6
단위,6
자료,6
최근,6
가입,6
이륜차,6
주문,6
상생,6
업계,6
스타트업,6
인한,6
지하,6
탄자니아,6
폭넓,6
특성,6
건축,6
기본법,6
온실가스,6
새롭,6
기획,6
기능,6
자원,6
자문,6
상호,6
연구소,6
서부,6
김포시,6
개통,6
대폭,6
고속도,6
주거,6
단지,6
직원,6
건축물,6
갱신,6
속도,6
기초,6
역사,6
저성장,6
고용,6
이러,6
하천,6
도움,6
비대,6
증명서,6
담당자,6
작성,6
그룹,6
유통,6
운행,6
조업,6
아카데미,6
도로,5
차량,5
대중교통,5
누리집,5
증대,5
가치,5
강연,5
목소리,5
판로,5
개척,5
자리,5
표창,5
이하,5
대국민,5
장소,5
모두,5
경기,5
수원,5
매년,5
균형,5
합의,5
차지,5
주변,5
로봇산업,5
고도,5
최고,5
실적,5
재해,5
서류,5
개월,5
안전교육,5
사용,5
안정,5
최적화,5
솔루션,5
오프라인,5
보급,5
아울러,5
네트,5
워킹,5
비즈니스,5
워크숍,5
발표회,5
동반성,5
일간,5
일산,5
킨텍스,5
전망,5
소스,5
해양,5
집중,5
출범,5
조화,5
수단,5
정립,5
선제,5
보다,5
불구,5
다는,5
한다는,5
허가,5
제품,5
배출,5
위기,5
비용,5
홍수,5
설치,5
대비,5
수렴,5
탄력,5
허용,5
보완,5
배치,5
대책,5
발생,5
일부,5
계기,5
해당,5
동시,5
추정,5
교통사고,5
시기,5
검증,5
대상자,5
신고,5
촬영,5
차질,5
준비,5
범위,5
청소년,5
다른,5
관광,5
위해서,5
국토연구원,5
사물,5
홍수예보,5
컨벤션,5
조회,5
미주,5
지명,5
불편,5
브이,5
전자,5
사망자,5
진흥,5
공청회,5
채용,5
영향,5
미만,5
점검,5
밀집,5
도서,5
서식,5
주목,4
통신,4
세대,4
상공,4
접목,4
이사장,4
시상,4
정체,4
지식,4
캠퍼스,4
초청,4
리스트,4
달성,4
전반,4
접수,4
대통령,4
차관,4
비롯,4
만들,4
공감대,4
형성,4
법률,4
수여,4
편리,4
적정,4
산업단지,4
각종,4
여러,4
제조,4
저감,4
보전,4
허브,4
예산,4
창업자,4
성동구,4
코리아,4
슈퍼,4
개사,4
여부,4
중점,4
운전,4
의무,4
대로,4
다수,4
실감,4
실제,4
시뮬레이션,4
미팅,4
중소기업,4
천만,4
경쟁력,4
동향,4
아래,4
국내외,4
부스,4
가속,4
거리,4
전시관,4
개국,4
트렌드,4
금융,4
세션,4
설계,4
비전,4
추세,4
공원,4
주재,4
토대,4
로드맵,4
실천,4
의미,4
분과,4
의사,4
개편,4
부족,4
한계,4
민관,4
석탄,4
공정,4
유도,4
조기,4
훈련,4
원활,4
업종,4
적응,4
운용,4
토록,4
부담,4
예시,4
화학,4
폐기물,4
교통난,4
배후,4
충분,4
역세,4
확장,4
입체,4
모집,4
자금,4
누락,4
일정,4
고자,4
발사,4
정사영,4
고해상도,4
누구,4
이나,4
공부,4
복잡,4
보인다,4
용역,4
개정,4
중소,4
시가,4
용지,4
실질,4
침수,4
도림천,4
유역,4
단장,4
전산,4
실내,4
희망,4
강좌,4
참가자,4
유일,4
프랑스,4
광역권,4
경상남도,4
원단,4
실장,4
가덕,4
완성,4
광역철도,4
고속도로,4
영업,4
무인,4
주차,4
유휴,4
광운대,4
노인,4
보행자,4
신호,3
소프트웨어,3
개소,3
선진,3
개설,3
매출,3
경영,3
입지,3
예보,3
강변,3
산하,3
모색,3
본선,3
수상자,3
밀착,3
소속,3
포용,3
인정,3
보안,3
지난해,3
진주,3
규정,3
지표,3
건립,3
소형,3
안심,3
대전,3
경북,3
응답,3
아트,3
쉼터,3
심화,3
감사,3
드린다,3
플라이,3
컴퍼니,3
스파이더,3
크래프트,3
코퍼레이션,3
히어로,3
로지,3
으로부터,3
품질,3
전담,3
정기,3
정확,3
유상,3
근무,3
전용,3
부분,3
라스트,3
마일,3
전기,3
강조,3
공제조합,3
장차관,3
케이스,3
대학,3
디자인,3
조망,3
경기도,3
교류,3
아시아,3
로운,3
한눈,3
현상,3
인사,3
는다,3
수주,3
소개,3
사니,3
이브라힘,3
프라부,3
안젤린,3
불라,3
면접,3
산책로,3
처음,3
가지,3
공식,3
수소,3
제철,3
근거,3
윤석열,3
한덕수,3
위원장,3
전원,3
믹스,3
임무,3
배분,3
붙임,3
종전,3
단일,3
이해,3
도전,3
지적,3
측면,3
차별,3
높여,3
폐지,3
원료,3
저탄소,3
수출,3
재정,3
기후대,3
소비,3
수송,3
화물차,3
경보,3
소요,3
미국,3
우리나라,3
면적,3
명시,3
컨소시엄,3
우선,3
단축,3
경쟁,3
도출,3
완화,3
초기,3
개시,3
적합,3
분류,3
도모,3
접근,3
인해,3
차량기지,3
숙원,3
기역,3
위치,3
네트워크,3
택지,3
환승,3
대형,3
공급,3
청취,3
투기,3
소유,3
선별,3
증빙,3
경찰청,3
부과,3
보상,3
포상,3
살펴보,3
통해서,3
강국,3
등재,3
이음,3
보존,3
그동안,3
소유자,3
현행,3
거주,3
물량,3
용도,3
어려움,3
진단,3
누리,3
전통,3
패러다임,3
커피,3
라며,3
자유,3
테스트,3
피해,3
하수,3
작업,3
현실,3
먼저,3
각각,3
시각,3
넥스트,3
추천,3
이내,3
나아가,3
등록,3
본인,3
신청인,3
지적도,3
제적,3
등본,3
발급,3
스웨덴,3
주최,3
과장,3
의지,3
동북아,3
요청,3
광역시,3
남부,3
내륙,3
고속,3
열차,3
거제,3
통영,3
착공,3
하나,3
동남,3
함양,3
울산시,3
나간다는,3
특구,3
도매,3
소관,3
뉴스페이스,3
작품,3
전년,3
출판,3
도매업,3
나타났,3
단체,3
모호,3
근로,3
권리,3
계약,3
공동물,3
항목,3
시급,3
수석,3
재료,3
토론회,3
본사,3
수료생,3
스톱,3
유공,3
실습,3
주식회사,3
도우미,3
포털,2
교차로,2
매력,2
유튜브,2
공인,2
오후,2
상금,2
전용도로,2
미리,2
축적,2
최선,2
동행,2
컨퍼런스,2
플렉스,2
시청,2
내부,2
저해,2
요인,2
리뷰,2
일반,2
증진,2
시정,2
사이버,2
롯데,2
타워,2
악성,2
코드,2
침해,2
경연,2
학계,2
회관,2
이원재,2
총리,2
화성,2
학회,2
깨끗,2
돋보였,2
도로망,2
활동,2
부천시,2
귀갓길,2
보행,2
친수,2
미세먼지,2
는데,2
취약,2
정비,2
서구,2
돋보인,2
전북,2
난개발,2
광주,2
커뮤니티,2
보인,2
충북,2
획득,2
자세,2
첨부,2
위협,2
화물,2
중개,2
전법,2
부여,2
바로,2
계약서,2
갖추,2
는지,2
분리,2
정보망,2
요기,2
딜리버리,2
캠페인,2
무상,2
배차,2
일터,2
생각,2
방법,2
구헌상,2
늘어나,2
경비행기,2
조정석,2
택시,2
떠나,2
안양천,2
여행길,2
홀로그램,2
탄생,2
아바타,2
국제기구,2
뱅크,2
아시아개발은행,2
아프리카,2
개발은행,2
명회,2
캡스,2
브릭,2
산책,2
오징어,2
게임,2
삼성,2
광고,2
산학,2
연관,2
맞이,2
다채,2
테크,2
역대,2
기록,2
물리,2
모습,2
대중,2
풍성,2
교두보,2
방한,2
직결,2
대향연,2
학술,2
깊이,2
축제,2
대학교,2
교수,2
능력,2
테마,2
지만,2
선보일,2
최적,2
포집,2
저장,2
새로,2
김상협,2
위촉장,2
수여식,2
연도,2
중추,2
책임,2
질서,2
신재,2
원리,2
개요,2
위주,2
축소,2
이날,2
달라지,2
거버넌스,2
압축,2
미흡,2
실행,2
잡힌,2
투명,2
미래형,2
전력망,2
계속,2
무공해차,2
이끌,2
벗어나,2
생태계,2
동해,2
기금,2
배출권,2
거래제,2
뒷받침,2
공감,2
절감,2
가정,2
자발,2
등급제,2
요금,2
가격,2
중앙,2
정례,2
내실화,2
안착,2
직무,2
근로자,2
부품,2
계층,2
국과,2
그린,2
객관,2
다소,2
비중,2
선진국,2
기한,2
더욱,2
강력,2
맞춰,2
연내,2
요소,2
나간다,2
관점,2
통과,2
내외,2
가시,2
극복,2
설비,2
적재,2
이슈,2
산학연,2
심각,2
근본,2
이점,2
용이,2
여전히,2
혼잡,2
조건,2
반드시,2
방화,2
못하,2
그러나,2
판단,2
로써,2
다만,2
인천시,2
시킬,2
일원,2
구상,2
자족,2
개념,2
철도역,2
인천,2
장기,2
선역,2
같이,2
방면,2
중심부,2
이르,2
순차,2
입주자,2
하반기,2
공직자,2
전수,2
미공개,2
후보,2
피상속인,2
상속인,2
실거,2
후보지,2
발송,2
조달,2
내역,2
의심,2
적발,2
위법,2
과태료,2
차단,2
관할,2
공고,2
단속,2
야간,2
보정,2
가공,2
다운로드,2
기상,2
국방,2
이런,2
관람,2
분산,2
지연,2
명령,2
철저히,2
위하,2
병우,2
정확도,2
자체,2
제기,2
성숙,2
상업,2
공업,2
구분,2
간소,2
정하,2
외부,2
베이,2
강소,2
주역,2
여명,2
스패너,2
산군,2
개방,2
영역,2
발돋움,2
전방,2
단순히,2
밝히,2
특별법,2
약속,2
동일,2
기업인,2
간사,2
분기,2
민국,2
단초,2
자리매김,2
수집,2
상세,2
아산시,2
처럼,2
후속,2
협력체,2
이루어질,2
측량,2
로부터,2
이루,2
당일,2
으로서,2
발제,2
시점,2
투사,2
영예,2
입주,2
성능,2
상담,2
조우석,2
멕시코,2
상임,2
옵서버,2
각국,2
이월드,2
연평균,2
필지,2
상속,2
지참,2
구청,2
대법원,2
문서,2
입력,2
므로,2
자격,2
스톡,2
전주시,2
일시,2
오성익,2
내년도,2
별도,2
중계,2
개진,2
상반기,2
해운대,2
박형준,2
김두겸,2
박완수,2
경상,2
지사,2
동반,2
부산광역시,2
울산광역시,2
총괄,2
의장,2
오늘,2
조선,2
에코,2
델타,2
개발제한구역,2
센텀,2
단절,2
부탁,2
환영,2
앞당길,2
고속철,2
경전선,2
수서,2
남해안,2
협조,2
신항,2
입찰,2
양산,2
안동,2
정차,2
횟수,2
밀양,2
창녕,2
아우르,2
무인기,2
부산시,2
취지,2
알리,2
북항,2
조직,2
도로공사,2
부서,2
방침,2
랜드마크,2
인공위성,2
마중물,2
평균,2
건설업,2
소매업,2
운수업,2
통신업,2
때문,2
제심,2
의결,2
별표,2
권고,2
숙박,2
미터,2
이외,2
가구,2
주소,2
기재,2
단순,2
라면서,2
결합,2
운송,2
전속,2
가칭,2
운송장,2
화주,2
보험료,2
상품,2
실태,2
휴식,2
보장,2
반복,2
산재,2
대체,2
산간,2
베드,2
본부,2
연장선,2
시동,2
고품질,2
토목학,2
손종영,2
제언,2
합니다,2
싱가포르,2
국립,2
리원,2
열린,2
총장,2
김종헌,2
드림,2
계묘,2
재직,2
빌드,2
전부,2
이상민,2
도로교통공단,2
고령,2
진입,2
거제시,2
종이,2
단말기,2
키오스,2
차세대,1
상태,1
애플리케이션,1
프로그래머,1
인터페이스,1
잔여,1
알린다,1
카드,1
이동,1
혼잡도,1
동편,1
스토리,1
워크,1
게시물,1
소상,1
수료,1
멘토링,1
결과물,1
공단,1
혼잡시,1
간대,1
올림픽대로,1
북로,1
간선도로,1
한국영,1
편하,1
그리,1
만족도,1
상암동,1
에스,1
창조,1
핀테크,1
진이,1
총망라,1
경과,1
이끄,1
모였,1
앞장선,1
키워드,1
강사,1
과기부,1
쾌거,1
뛰어난,1
업적,1
이룬,1
공익,1
공헌,1
박차,1
클로버,1
스튜디오,1
전파,1
통신부,1
이종호,1
과기,1
정통부,1
이원태,1
유회,1
잠실,1
오디,1
토리,1
신청서,1
예선,1
종로,1
구민,1
종로구,1
기념행사,1
열렸으며,1
부천,1
단체장,1
완공,1
성적,1
거둔,1
쾌적,1
쾌적성,1
용이성,1
편리성,1
추구,1
평화,1
주거지,1
대통령상,1
진주시,1
고르,1
회전익,1
공립,1
학관,1
도비,1
활발히,1
다목,1
레포츠,1
남강,1
교실,1
체육,1
여성,1
저영향,1
골목길,1
어린이,1
수영구,1
전남,1
목포시,1
폐쇄,1
마권,1
발매소,1
평촌,1
직속,1
상황실,1
경주시,1
시흥,1
복원사업,1
햇빛,1
발전소,1
시흥시,1
기동반,1
행복,1
완주군,1
해운대구,1
파주시,1
예술,1
북구,1
지현,1
충주시,1
명문화,1
등급,1
도봉구,1
횡단,1
보도,1
참조,1
격차,1
가로막,1
개혁,1
대응력,1
보태,1
이륜자동차,1
통신망,1
영위,1
전하,1
우아,1
오재학,1
이루어진,1
어떠,1
한지,1
이뤄졌으며,1
대행업체,1
익스프레스,1
종사,1
혹서,1
혹한기,1
셧다운,1
중시,1
강점,1
부릉,1
수령,1
경로,1
안내,1
가파른,1
성장세,1
보이,1
라이더,1
다각,1
목상,1
지향,1
토털,1
플러스,1
륜차,1
유상운,1
고른,1
서버,1
보여,1
뉴스,1
소식,1
공지,1
권익,1
끌어올리,1
만족,1
당부,1
가득,1
진과,1
상상,1
응원,1
려인,1
미래산업,1
전시장,1
열리,1
개막식,1
알차,1
세상,1
현대차,1
구글,1
두산,1
한컴,1
인스,1
페이스,1
티맵,1
여개,1
변혁,1
격리,1
불러일으키,1
연초,1
문의,1
꾸준히,1
마관,1
지상,1
항공우주,1
저변,1
즐길,1
집결,1
이례,1
입수,1
자사,1
석학,1
명사,1
나선다,1
대축제,1
정구민,1
카카오,1
박일석,1
이사,1
랜드,1
신한,1
상무,1
토마스,1
엔지니어,1
펼쳐진다,1
화교,1
학생,1
진로,1
실전,1
대처,1
길러,1
갖춘,1
상상력,1
주로,1
토목,1
밀접,1
관람객,1
견과,1
마음놓,1
리부,1
강아지,1
이미지,1
정합,1
넷플릭스,1
드라마,1
스마트폰,1
돌아온,1
셔서,1
어떻,1
생생,1
즐겨,1
권한다,1
환원,1
모듈,1
원자로,1
컨트롤,1
임명,1
신임,1
인허가,1
이스트,1
부총장,1
위촉,1
명단,1
성북구,1
대통령령,1
녹위,1
촉직,1
진략,1
이행기,1
역점,1
단기간,1
경직,1
산업계,1
실행력,1
각계각층,1
충실,1
한울,1
호기,1
재개,1
만료,1
노후,1
발전기,1
세액,1
공제,1
농축,1
수산업,1
흡수,1
상용,1
기조,1
복원,1
가스전,1
소노,1
유니콘,1
할당,1
구성원,1
인식,1
대기전력,1
캐쉬,1
전비,1
중대,1
연비,1
프로슈머,1
회의체,1
이직,1
내연,1
능동,1
응기,1
농수산,1
주체,1
산불,1
산사태,1
감시,1
대심,1
빗물,1
터널,1
체수,1
기온,1
품종,1
연대,1
불리,1
촉박,1
녹록,1
정확히,1
추진력,1
안보,1
참고,1
사슬,1
목표치,1
걸쳐,1
그랜드,1
파편,1
단편,1
요구,1
예타,1
재량,1
원천,1
도국,1
우위,1
제휴,1
플래그,1
이루어지,1
측정,1
센서,1
적소,1
미비,1
합연,1
구단,1
포항,1
케미컬,1
포스코,1
플라스틱,1
최상위,1
기술자,1
문회,1
강력히,1
꼽혔,1
연접,1
어려운,1
드라인,1
양촌,1
해졌으나,1
경전철,1
수송력,1
출근,1
극심,1
나서,1
강서구,1
전제,1
관하,1
분담,1
이견,1
정도,1
좀처럼,1
전환점,1
전격,1
방화역,1
종점,1
부근,1
원만히,1
이뤄질,1
출발,1
마산동,1
운양동,1
장기동,1
양촌읍,1
호수,1
사이,1
분절,1
시킨다,1
시켜,1
수평,1
수직,1
앞서,1
밝힌,1
골드,1
라인,1
광화문역,1
버스전용차로,1
강신,1
심부,1
계양,1
지점,1
검단,1
고밀,1
오피스,1
쇼핑몰,1
정류장,1
전면,1
분양,1
국방부,1
식품,1
환경영향평가,1
승인,1
관련자,1
직계,1
존비,1
관계없이,1
였을,1
개연,1
가까운,1
감안,1
부인,1
거래량,1
상승,1
소명,1
징구,1
통상,1
지급,1
신탁,1
거짓,1
실명,1
신고법,1
법위,1
국세청,1
통보,1
수사,1
탈세,1
대출,1
전후,1
월말,1
중순,1
빠짐없이,1
투기성,1
초과,1
목적,1
구청장,1
아야,1
즉시,1
공작물,1
형질,1
토석,1
채취,1
분할,1
합병,1
식재,1
불법,1
파라,1
예정지,1
순찰,1
귀담아들,1
사각지대,1
차세,1
국회,1
올리브,1
웍스,1
다비,1
진행할,1
좌표,1
한반도,1
스테레오,1
건의,1
러닝,1
작황,1
농업,1
다발,1
점차,1
발맞춰,1
가까이,1
다가가,1
일환,1
겨울,1
방학,1
앞장서,1
아낌없,1
펼치,1
다가선다,1
들어간다고,1
서로,1
아파트,1
중지,1
내린,1
각기,1
달라,1
특정,1
달리,1
이용자,1
혼선,1
초래,1
미비점,1
발령,1
잠정,1
통일,1
쉬운,1
높일,1
용적,1
건폐율,1
일회성,1
그쳤,1
대량,1
장점,1
덧붙였,1
직면,1
펼칠,1
보고회,1
저출산,1
고령화,1
당면,1
고성장,1
어렵,1
지침,1
행태,1
산정,1
발달,1
체류,1
통근,1
통학,1
왕래,1
해질,1
쇠퇴,1
도농,1
패턴,1
통제,1
장래,1
녹지,1
총량,1
사업비,1
설정,1
구획,1
기술진,1
예찬,1
릴레이,1
일곱,1
만남,1
광화문,1
사무실,1
자동화,1
다방면,1
모닝커피,1
마시,1
각자,1
나누,1
광장,1
이명한,1
김태환,1
동기,1
자신,1
진솔,1
평판,1
참석자,1
늘리,1
가진,1
견고히,1
턴키,1
발주,1
행동,1
마무리,1
이뤄낼,1
연의,1
창구,1
소사,1
원로,1
칸막이,1
이룰,1
긴밀히,1
엑스,1
집중호우,1
신림동,1
지형,1
관로,1
필수,1
수치,1
표고,1
강우량,1
배수,1
유출,1
관망,1
머리,1
맞대,1
합동,1
수자원,1
곡교천,1
온양,1
비극,1
멈출,1
한화진,1
종정부,1
청사,1
실재,1
쌍둥이,1
모의실험,1
전달,1
걸음,1
하수도,1
옥주,1
급변,1
뜻깊,1
본보기,1
골든,1
타임,1
앞두,1
양자,1
양해,1
각서,1
데이터베이스,1
원조,1
이어져,1
패키지,1
남길,1
다자,1
은행,1
시키,1
영세,1
대다수,1
측위,1
탐측,1
가져올,1
급격,1
흐름,1
좌장,1
선출,1
마다,1
차기,1
새바람,1
불어넣,1
작과,1
뿌리,1
액셀러레이터,1
고려대,1
지주,1
파트,1
너스,1
가치투자,1
스코리아,1
보였,1
엔진,1
가전,1
기기,1
감염병,1
임대차,1
소위,1
깡통,1
전세,1
종이컵,1
보증금,1
시작품,1
최우,1
수작,1
유망,1
섭외,1
요처,1
면담,1
설명,1
이어지,1
생애,1
공무원,1
아르헨티나,1
볼리비아,1
브라질,1
칠레,1
코스타리카,1
에콰도르,1
엘살바도르,1
과테말라,1
온두라스,1
니카라과,1
파나마,1
파라과이,1
페루,1
도미니카,1
공화국,1
우루과이,1
콜롬비아,1
시사점,1
비무장,1
지대,1
철원,1
박물관,1
아서,1
탐방,1
지리학,1
역사학,1
물리학,1
페이지,1
발음,1
스페인,1
이스라엘,1
자메,1
이카,1
했다,1
노하우,1
키워,1
접속,1
불의,1
갑작스러운,1
후손,1
모르,1
소재,1
알려줌,1
권리와,1
재산,1
경황,1
긴요,1
민원인,1
거주지,1
열람,1
출력,1
항공사진,1
연속,1
부모,1
배우자,1
자녀,1
한하,1
한정,1
따라서,1
등록부,1
기준일,1
번거,1
로움,1
없애,1
된다며,1
유용,1
명칭,1
정회원,1
의장단,1
열릴,1
통하,1
인지,1
대표단,1
전통문화,1
어우러진,1
강당,1
물론,1
병행,1
댓글,1
채널,1
검색,1
클릭,1
법정,1
별로,1
창의,1
재양,1
토론자,1
고시,1
마루,1
부산광역시장,1
울산광역시장,1
취임,1
왔으며,1
순회,1
부부,1
둘러본,1
확고,1
역시,1
경권,1
갖춰진,1
거대,1
부도,1
전력,1
다졌,1
사단,1
굵직,1
슬기,1
다시,1
태어나,1
만드,1
매우,1
가로질러,1
전폭,1
대단히,1
소멸,1
조속,1
국도,1
승격,1
수용,1
아일랜드,1
하이웨이,1
문성,1
관통,1
김천,1
공구,1
유찰,1
우려,1
시속,1
중앙선,1
부전,1
청량리,1
태화강역,1
차역,1
조속히,1
선로,1
창원,1
서북,1
동서,1
초장,1
간선,1
재조사,1
사상,1
민자,1
남해고속도로,1
벨트,1
진해,1
해공,1
수산,1
사안,1
구상안,1
고성,1
신속히,1
협상,1
해서,1
농산물,1
입도,1
성남,1
호소,1
그린벨트,1
유지,1
과도,1
뿌리내릴,1
파크,1
펼쳐,1
주무,1
새로이,1
획기적으로,1
면모,1
국격,1
최대한,1
공기,1
시공,1
대안,1
개정안,1
발의,1
입법화,1
국장,1
격상,1
하부,1
획단,1
부내,1
부서장,1
대구,1
나머지,1
권역,1
정동,1
호가,1
아름다운,1
띄우,1
상설,1
매주,1
월요일,1
휴관,1
내려받기,1
독도,1
백두산,1
금강산,1
북한,1
터키,1
차나칼레,1
대교,1
최장,1
현수교,1
나무,1
향한,1
키우,1
발사체,1
리호,1
탑재,1
초소형,1
큐브,1
대학생,1
박수영,1
연구관,1
더불,1
종이접기,1
그리고,1
스토리텔링,1
형식,1
무엇,1
전이,1
바란다,1
이뤘,1
이래,1
여파,1
골프,1
가상현실,1
기인,1
이익,1
당기,1
순이익,1
스포츠,1
자연,1
나타났으며,1
협회,1
통계청,1
총조사,1
명부,1
하지만,1
소규모,1
아직,1
미치,1
부가가치,1
한국은행,1
비교,1
나타나,1
다가오,1
향해,1
제약,1
심혈,1
기울이,1
통계,1
서면,1
일단,1
국무,1
자치,1
폐합,1
계획서,1
행실,1
제외,1
촉구,1
독려,1
지형도,1
임시,1
문화재,1
한시,1
중복,1
개별,1
법령,1
제법,1
장기간,1
재검토,1
폐자원,1
물놀,1
레저,1
토양,1
어촌,1
계획법,1
개별법,1
위임,1
불명확,1
지형지물,1
따른다,1
경계,1
직선거리,1
유관,1
표출,1
서에,1
전화,1
번호,1
삭제,1
활력,1
김기훈,1
행력,1
줄일,1
고부,1
간담회,1
도래,1
맞벌이,1
일상,1
느끼,1
보편,1
매김,1
잠재력,1
양질,1
출현,1
지능화,1
과도기,1
장벽,1
외산,1
의존,1
열악,1
과감,1
새벽,1
교체,1
배터리,1
충전,1
도보,1
작업자,1
추종,1
트레일러,1
인력난,1
기사,1
사와,1
혜택,1
공동구,1
포장,1
재고,1
인수증,1
블록체인,1
상가,1
의한,1
주택지,1
마이크,1
근린,1
노상,1
주정차,1
가이드라인,1
예약,1
공영주,1
차장,1
수요자,1
유럽,1
벤치마킹,1
창고,1
주차장,1
주유소,1
불공정,1
처벌,1
감독,1
마진,1
엄중,1
투입,1
불시,1
인가,1
요건,1
명절,1
연휴,1
여름,1
휴가,1
상하차,1
접이식,1
하역,1
보조,1
장비,1
노동,1
부하,1
근력,1
보강,1
경량,1
착용,1
탈착,1
웨어,1
러블,1
컨텐츠,1
위탁,1
장치,1
할인,1
법규,1
노출,1
성명,1
연락처,1
신원,1
경력,1
면허,1
유효,1
분실,1
보관,1
수취,1
고밀도,1
보관함,1
파업,1
최소,1
약관,1
노동조합법,1
준수,1
합법,1
문전,1
공표,1
선택,1
보관소,1
서민,1
합심,1
모은다,1
공장,1
여의도,1
전경련,1
급부상,1
해졌,1
초점,1
맞춘,1
이뤄져야,1
회장,1
김철영,1
피력,1
부산항,1
임형택,1
이인수,1
객체,1
시각화,1
관해,1
정동훈,1
시설물,1
데이,1
구직자,1
순위,1
수시로,1
자기,1
소개서,1
첨삭,1
돼야,1
클라우드,1
고급,1
어야,1
그래야,1
신선,1
맛있,1
음식,1
동력,1
대강당,1
가운데,1
쏟아졌,1
이병대,1
컴퓨터,1
공학부,1
이어,1
버추얼,1
호환,1
고민,1
많이,1
한다면,1
넘어서,1
러브,1
나섰,1
크리스토퍼,1
케이,1
파리,1
현대,1
심포지엄,1
루키,1
등장,1
최우수,1
윤동호,1
아홉,1
응용,1
아이템,1
시연,1
외국,1
고향,1
친구,1
낚시,1
취미,1
동호인,1
동물,1
시터,1
습득,1
기획력,1
열정,1
선보였,1
공략,1
한뜻,1
광운,1
후원,1
자는,1
법무,1
대학원,1
법학,1
예상,1
공로,1
집행,1
엘타워,1
재원,1
펀드,1
홈페이지,1
수강,1
새해,1
앞장선다,1
윤동,1
예정자,1
강의,1
열린다,1
집체,1
이뤄진,1
시리즈,1
바탕,1
앞장,1
라이다,1
초고층,1
해진,1
커지,1
낮추,1
호평,1
전주,1
온고지신,1
양철수,1
이주민,1
비해,1
비율,1
출처,1
보고서,1
따르,1
절반,1
실정,1
행안,1
주간,1
소방본부,1
경산시,1
관제,1
포항시,1
제로,1
아닌,1
제어판,1
패드,1
이름,1
사라지,1
금지법,1
청각,1
지체,1
소외,1
