주체,내용
국토교통부,"□ 국토교통부(장관 원희룡)는 공간정보산업진흥원(원장 손우준)과 함께 8월 17일부터 이틀간 정부세종컨벤션센터(세종시에서 “공간정보 특성화대학 취업박람회(이하 공간정보 취업박람회)”를 개최한다고 밝혔다.

 

ㅇ 공간정보 취업박람회는 특성화대학 학생들의 취업역량을 높이고 사회진출을 지원하기 위해 그간 학교별로 추진하던 소규모 취업지원 프로그램을 한데 모아 유관기관·기업과 연계·확대하여 추진하는 행사로, 지난 5월 말에는 전국 5개 특성화고교에 대해 취업캠프를 개최하였다.

 

ㅇ 이번 행사는 국토교통부에서 지정한 전국 12개의 공간정보 특성화대학 학생들과 한국국토정보공사, 한국토지주택공사, 웨이버스, 제주알마켓 등 공간정보 분야 공공기관, 중소기업 및 새싹기업(스타트업) 10개사 관계자 등 총 230명이 참여한다.

 

□ 행사 프로그램은 공간정보 기업과 학생들의 직접 소통을 통해 학생들이 취업 자신감과 경쟁력을 높일 수 있도록 다채롭게 구성하였다.

 

ㅇ 특히, 공간정보 기업들은 연구개발 제품·서비스와 주요 성과를 홍보하고 채용 정보를 제공하는 한편, 학생들은 사전 이력서와 자기소개서를 토대로 실제 취업과 연계되는 채용상담과 실전면접에 참여할 예정이다.

 

ㅇ 또한, 취업·동기부여 특강, 공간정보(GEO) 골든벨, 면접 이미지메이킹 등의 체험 프로그램을 통해 취업을 준비하는 학생들이 즐겁고 유쾌하게 자신의 역량을 넓혀나갈 수 있도록 운영할 계획이다.

 

□ 국토교통부 박건수 국토정보정책관은 “미래 공간정보산업을 이끌어갈 청년들이 양질의 일자리를 찾고, 공간정보 전공 역량을 최대로 발휘할 수 있도록 아낌없이 지원해 나갈 것”이라며 “향후 학교와 기업 간 채용정보를 상시 공유할 수 있는 시스템을 마련할 계획”이라고 밝혔다."
국토교통부,"

보도자료



보도시점 : 2023. 8. 17.(목) 11:00 이후(8. 18.(금) 조간) / 배포 : 2023. 8. 17.(목)



공간정보 서비스 ‘브이월드’ 고도화한다
- 8월 18일부터 1단계 고도화 추진…… '26년까지 4단계에 걸쳐 전면 개편


□국토교통부(장관 원희룡)는 대국민 공간정보 서비스인 브이월드(www. vworld.kr)를 더욱 편리하게 활용할 수 있도록 ‘브이월드 고도화 계획(2023∼2026)’을 발표하고 8월 18일부터 1단계 고도화 서비스를 개시한다고 밝혔다. 

 ㅇ 브이월드 서비스는 '12년 서비스를 시작한 이후 회원수가 13만 명에 이를 만큼 대표 공간정보 플랫폼으로 자리매김하였으며, 수요자의 요구사항 반영과 최신기술 도입 등을 통해 브이월드 서비스를 전면 개편하고자 고도화 계획('23년~'26년, 1단계~4단계)을 마련하였다.

□ ‘브이월드 고도화 계획’은 ①3D지도 등 고정밀 공간정보 확대, ②모바일 3D지도 기능 등 사용자 중심 활용기능 확충, ③공간정보 코디네이터 등 활용지원 강화, ④클라우드 전환 등 전산인프라 운영환경 개선 등을 주요 내용으로 담고 있으며, 

 ㅇ 올해는 1단계 사업으로 사용자 인터페이스를 전면 개편하였고 600여종의 국가공간정보에 대한 다운로드 기능과 분석·시뮬레이션(일조권 분석, 경관심의 등) 기능 등을 새롭게 추가하였다.

 ㅇ 또한, 자율주행을 위해 구축한 정밀도로지도 가시화 서비스와 공간정보 관련 기업 정보를 소개하는 창구도 개설하였다.

□ 국토교통부 박건수 국토정보정책관은“브이월드가 디지털 트윈국토의 대표 플랫폼으로 발전할 수 있도록 고도화 계획을 차질 없이 추진하고 사용자의 요구사항을 지속적으로 반영해 나갈 계획”이라고 밝혔다.


담당 부서
국토정보정책관
책임자
과  장 
박진식
(044-201-3488)

국가공간정보센터
담당자
사무관
백규영
(044-201-3491)
주무관
서성우
(044-201-3489)


     


참고1

 브이월드(공간정보 오픈플랫폼) 개요


□개  요

 ㅇ 국가?지자체 등이 보유한 공간정보를 대국민 서비스* 하고, 공공·민간 기관의 활용서비스 제작에 필요한 공간정보를 제공하는 플랫폼(www.vworld.kr)

    * 정사영상, 인터넷지도, 3D지도, 수치표고모형, 실내공간정보, 연속지적도, 용도지역지구도 등 

□추진 경위

 ㅇ 3D공간정보 DB·활용 시스템 구축 예비타당성 조사(’10년)

 ㅇ 3D지도(서초, 강남), 플랫폼 시범 구축(‘11년)

 ㅇ 3D지도(서울, 6대광역시) 구축 및 브이월드 서비스 개시(‘12년)

 ㅇ 3D구축지역 및 OpenAPI(데이터) 확대 제공(‘13?’14년)

 ㅇ 인프라 고도화 국가 R&D 연구추진 및 적용(‘14?’18년)

 ㅇ OpenAPI 2.0 고도화 및 가상화 인프라·오픈소스SW 전환(‘17?’18년)

 ㅇ 브이월드 유지관리(‘15?현재)

□탑재DB 및 서비스 기능

 ㅇ (탑재DB) 기반공간정보(6종)와 행정공간정보(189종) 등 총 195종의 국가공간정보를 웹 서비스로 제공 

 ㅇ (서비스 기능) 포털서비스, 2D·3D지도서비스, OpenAPI, 3D데스크톱, 데이터정보, 참여서비스, 커뮤니티맵 등 8개 서비스 제공 

□활용 현황

 ㅇ (회원수) 누적 회원수 약 13만 명(‘12?‘22년)
 ㅇ (인증키 발급건수) OpenAPI 인증키 발급 약 4만4천 건(‘12?‘22년)

브이월드 회원가입(명)

오픈 API 인증키 발급(건)





참고2

 브이월드(V-World) 고도화 계획 요약


□ 고도화 개요

 ㅇ (추진배경) 브이월드를 “디지털플랫폼정부”의 대표 플랫폼으로 도약하기 위해 수요자 요구를 적극 반영한 중장기 고도화 계획 수립

   - 클라우드, 모바일 등의 최신 IT기술을 도입하여 편리한 이용환경을 조성함으로써 “디지털트윈국토” 등의 신규 서비스 창출을 지원

 ㅇ (추진기간) 2023 ~2026

□ 주요내용


목표
 
누구나 부담없이 쉽게 활용하는 
디지털 트윈국토 플랫폼으로 도약


기본 방향
 
 ◆ (공간정보) 핵심정보 고정밀화와 최신성 강화로 서비스 기반 조성

 ◆ (기능) 디지털 트윈국토 기능 확대로 신규서비스 창출

 ◆ (활용지원) 전담기관의 역할 강화로 활용저변 확대

 ◆ (인프라) 클라우드 전환과 고성능 S/W 도입으로 안정성 강화


세부
과제

 고정밀
공간정보 확대

?? 고정밀 3D지도 전국 확대

?? 국토위성영상 기반 북한 및 해외지역 고정밀화

?? 맞춤형 공간정보 추가 제공



 사용자 중심의 활용기능 확충

?? 디지털 트윈국토 기능 구축

?? 모바일 3D지도 활용환경 구축

?? 브이월드 중심으로 서비스 창구 일원화





전문적인 활용 지원체계 정착 

?? 전담기관 역할 강화

?? 전문교육 확대

?? 참여형 홍보 강화





안정적인 전산인프라 운영환경 조성

 클라우드 운영체계로 전환

 고성능 3D지도 구동 S/W 도입

 재해복구시스템(DR) 구축

 (1) 핵심정보 고정밀화와 최신성 강화로 서비스 기반 조성

 ? 고정밀 3D지도 전국 확대

 ㅇ (3D지도) 전국 3D지도를 현행 LoD1에 추가하여 LoD2 이상으로 고정밀화하고 자동제작 등을 통해 매년 갱신(‘25년)

 ㅇ (2D지도) 국가기본도 수정체계 개선 등을 통해 2D지도 갱신주기를 1년에서 1개월로 단축(‘24년), 지도검색용 POI도 확충(’24년)


<< 3D지도 세밀도(LoD : Level of Detail) 구분 >>
 




LoD1
LoD2
LoD3
LoD4


 ? 국토위성영상 기반 북한 및 해외지역 고정밀화

 ㅇ (북한) 아리랑 위성으로 촬영한 해상도 1m급에서 국토위성이 ‘21년부터 촬영한 해상도 0.5m급 위성영상으로 북한 전역을 교체(’23.9월)

 ㅇ (해외지역) 현행 15m급 해상도의 영상지도를 국토위성 추가발사 등을 통해 0.5m급 이상으로 전세계를 단계적으로 고정밀화(‘24년∼’40년)

 ? 맞춤형 공간정보 추가 제공

 ㅇ (BIM) 건축물, 교통시설물(터널·교량 등)에 관한 BIM자료를 활용하여 데이터를 경량화한 후 브이월드에 탑재(‘23년～)

 ㅇ (정밀도로지도) 자율주행 상용화를 위해 구축한 정밀도로지도를 다양한 분야*에서 쉽게 활용할 수 있도록 탑재하고 OpenAPI**도 개발(‘23년)

    * 자율주행 시범데이터 구축, 도로·교통 설계, 도로시설물 관리, 모빌리티 등

   ** (OpenAPI) 웹서비스와 앱 구축에 필요한 개발환경을 제공하기 위해 공개한 S/W개발 도구

 ㅇ (국토변화정보) 내비게이션, 포털 등 지도를 직접 갱신하는 민간지도업체에게 건물, 도로 등에 관한 국토변화정보를 온라인 구독 서비스(‘24년)
 (2) 디지털 트윈국토 기능 확대로 신규서비스 창출

 ? 디지털 트윈국토 기능 구축

 ㅇ (분석·시뮬레이션) 경관·경사도 분석 등 기업뿐만 아니라 일반인도 활용할 수 있는 분석·시뮬레이션 기능과 OpenAPI를 발굴·확충(‘23년～)

 ㅇ (인허가 사전진단) 공장, 건축 등 복잡한 인허가 사전 준비단계에서 효율적 의사결정을 지원하기 위해 시설물 시뮬레이션 서비스를 구축

 ㅇ (나만의 지도제작 기능) 여행, 등산지도 등 사용자가 필요한 영역 선택 후 지도를 편집, 인쇄, 다운로드할 수 있도록 추가로 벡터지도를 서비스*(‘24년)

    * 지도확대 축소 시 이미지 변형 없고 객체단위로 갱신, 스타일링, 다운로드 등이 가능한 방식

 ? 모바일 3D지도 활용환경 구축

 ㅇ 스마트폰, 태블릿 등 모바일 기기에서도 3D지도가 서비스될 수 있도록 모바일 서비스용 3D 지도 포맷을 추가 구축하고 OpenAPI도 개발(‘24년)

   - 모바일에서 3D지도를 조회, 건물속성 보기, 1인칭 보기 등 간단한 기능을 우선 서비스하고 측위정보와 연계한 서비스도 지속 발굴 

 ? 브이월드 중심으로 서비스 창구 일원화

 ㅇ 4종의 개별시스템으로 분산되어 사용자 불편을 초래했던 공간정보서비스를 통합 또는 연계를 통해 브이월드로 창구 일원화(‘23년～’25년)

    * (지도) 브이월드 / (데이터) 국가공간정보포털 / (공간빅데이터 분석) 공간빅데이터 분석 플랫폼 / (지리원 공간정보) 국토정보플랫폼

 [3) 전담기관의 역할 강화로 활용저변 확대

 ? 공간정보산업진흥원 역할 강화

 ㅇ (DB 구축) POI DB, BIM, 사용자 요구 맞춤형 DB 등 사용자가 원하는 정보를 최대한 제공할 수 있도록 DB구축 역할을 확대

 ㅇ (서비스 개발) 특정 서비스를 위한 맞춤형 OpenAPI 개발과 스타트업 지원을 위한 시범서비스 개발 등의 전문적인 역할도 강화

 ㅇ (기업 소통) 브이월드 공간정보를 활용한 민간기업의 S/W 및 서비스 등 기업정보를 수요자에게 소개할 수 있는 온라인 소통창구 운영(‘23년)
 ㅇ (공간정보 코디네이터) 민간기업에서 새로운 서비스를 구축하고자 할 때 서비스 기획 단계부터 실용화까지 밀착하여 기술을 지원

 ? 전문교육 확대

 ㅇ 브이월드 활용 실습이 가능한 상설 전산교육장 마련과 실무 활용을 위한 맞춤형 교육 프로그램 확대 제공

 ? 참여형 홍보 강화

 ㅇ (추진계획 홍보) 다양한 홍보채널(SNS, 카카오톡, 유튜브 등)을 활용하여 브이월드3.0 추진계획을 집중 홍보하고 중요서비스 오픈 시에도 홍보

 ㅇ (서포터즈 모집) 브이월드 관련 행사 모니터링, 개선의견 제시, 개별 활용사례 홍보 등을 목적으로 일반시민 대상 서포터즈 모집·운영(‘24년)

 ㅇ (다양한 홍보) 유튜브 활용가이드 게시, 기술 세미나, 공모전, 초·중학생 캠프 운영 등 다양한 계층을 대상으로 브이월드 활용 홍보

 [4) 클라우드 전환과 고성능 S/W 도입으로 안정성 강화

  클라우드 운영체계로 전환

 ㅇ 3D지도 전국 확대에 따른 대용량 데이터 처리와 클라우드 전용 서비스(SaaS, IaaS)등을 위해 민간 클라우드 센터로 인프라 이전(‘24년)

   * 디지털플랫폼정부 실현계획(‘23.4.14)에서 공공보다 민간 클라우드를 우선 적용할 것을 권고

 ㅇ 클라우드로 전환 후 민간기업이 공간정보 S/W를 부담없이 활용하여 서비스를 개발할 수 있도록 클라우드 서비스형 S/W(SaaS) 제공(‘25년)

  고성능 3D지도 구동 S/W도입

 ㅇ ‘11년 최초 개발된 이후 성능개선 미실시로 3D지도 서비스 오류가 빈번하게 발생하는 데스크톱* 3D지도 구동S/W를 게임S/W로 변경(‘25년)

   * (브이월드 데스크톱) 개인용 PC에서 대용량 자료인 3D지도의 빠른 구동과 분석기능 등을 활용할 수 있도록 개발한 설치형 프로그램으로 구글어스와 유사한 서비스 

  재해복구시스템(DR) 구축

 ㅇ 화재 등의 재난발생* 시 서비스를 수 시간 내에 복구할 수 있도록 별도의 장소에 Hot Site 유형으로 재해복구시스템을 구축(‘25년)

    * 삼성SDS 과천 데이터센터 화재(‘14), 카카오 판교 데이터센터 화재(‘22)로 메인 서버 및 플랫폼과 연계된 모든 서비스가 중단된 바 있음

참고 3

 브이월드 1단계 고도화 서비스 소개


?? (개선) 사용자 인터페이스(UI/UX) 전면 개편

 ㅇ사용자가 단순하고 접근하기 쉽게 메뉴 등을 개편하여 보다 빠르게 원하는 정보를 찾도록 직관적인 웹페이지 디자인(UI/UX*) 개선

   * 웹사이트를 편하게 활용하도록 사용자 경험 기반의 환경을 제공하는 디자인·설계

  - 주제별 메뉴(공공주제도, 수치지형도, 국가중점데이터 등) 및 지도를 분류한 메뉴그룹으로 구성하고 사용자 편의성 고려한 디자인 전면 개편

기존(As-Is)
?
개선(To-Be)




?? (신규) 공간정보 다운로드 기능

 ㅇ기존에는 브이월드에서 서비스 중인 공간정보를 다운로드하기 위해서는 별도의 국가공간정보포털 서비스를 통해서만 가능했지만,

  - 국가공간정보포털을 브이월드로 통합하여 사용자가 한 채널에서 다양한 공간정보(연속지적도, 용도지역지구도 등 600여종)를 다운로드 가능

API 및 다운로드 서비스 제공절차


?? (신규) 분석·시뮬레이션 기능


기능
주요설명
비고
일조권 분석
ㅇ 사용자가 선택한 건축물의 위치, 높이, 형태,  등을 고려한 건축물의 일조량 분석

 ? 일조권 분석 대상 건축물 선택
 ? 일정 선택
 ? 태양 위치에 따른 그림자 표출
고도제한 분석
ㅇ 특정 선택영역의 높이 값을 기준으로 해당지역의 건축물을 분류하여 고도제한 분석

 ? 고도제한 분석 영역 설정
 ? 고도제한 건축물 표시 및 분석 결과 제공
경사도 분석
ㅇ 사용자 설정 영역의 경사방향과 경사도 값분석 통한 결과 시각화 제공

 ? 경사도 분석 지점 설정
 ? 경사도 분석 시각화
토공량 산출
ㅇ 특정 분석 대상 영역을 기준으로 DEM과 깊이를 고려한 토공량을 분석

 ? 분석 대상 영역 지정
 ? 분석 높이값 설정
 ? 토공량 분석 결과 안내
조망권 분석
ㅇ 지도위 시점과 조망점을 추가하여 특정 지점의 가시여부 및 조망권 분석

 ? 조망 지점 설정
 ? 특정지점 조망권 가시 여부 안내
평균고도 산출
ㅇ 특정 지점 간의 평균고도와 높이를 그래프형식으로 제공

 ? 평균고도 산출을 위한 지점 선택
 ? 평균 높이 및 지점 별 높이 값 그래프 제공
건물모델
가시화
ㅇ 사용자가 제작·보유한 건물 입체모형 파일을 등록하여 지도 서비스에 가시화

 ? 건물 모델 업로드
 ? 건물 모델 위치 지정
 ? 건물 모델 크기, 높이 및 각도 조정
가상건물
생성
ㅇ 3차원 가상건물 생성 및 가시화

 ? 가상 건물 생성을 위한 지도상 영역 선택
 ? 가상 건물의 높이 설정
 ? 가상 건물 지도 가시화

?? (신규) 정밀도로지도 가시화 서비스

 ㅇ2D지도서비스(인터넷지도, 정사영상, 백지도 등)에 정밀도로지도 정보를 선택하여 표시함으로써 정밀도로지도를 조회할 수 있는 기능 제공

   * 향후 정밀도로지도를 3D지도 및 오픈API로 활용할 수 있도록 고도화 예정

정밀도로지도 지도(인터넷지도, 영상) 예시




?? (신규) 공간정보 관련 기업 소개 창구

 ㅇ공간정보 관련기업이 보유한 서비스, 솔루션, DB 등에 관한 상세정보를 직접 해당 기업 담당자가 정보를 등록·갱신할 수 있도록 제공하여 수요자에게 기업정보를 홍보할 수 있는 창구*를 개설

   * 기업에서 추진한 주요성과(사업, 솔루션 개발, 실적 등)·솔루션 활용사례 및 플랫폼 운영 현황정보를 수요자에게 적극 제공·공유할 수 있는 서비스

기업정보 서비스(온라인 소통창구)




참고 4

 브이월드 고도화 전·후 비교

"
국토교통부,"

보도자료



보도시점 : 2023. 9. 6.(수) 11:00 이후(9. 7.(목) 조간) / 배포 : 2023. 9. 6.(수)



공간정보 아이디어 경진대회 참여하세요
- 9월 7일 모집공고… 국민 삶과 밀접한 분야 현안 주제로 다양한 아이디어 발굴


□국토교통부(장관 원희룡)는 민간분야의 공간정보 활성화를 촉진시키기 위해9월 7일부터「공간정보 활용 아이디어 경진대회」(이하 경진대회)를 공고하고 9월 20일부터 접수한다.

 ㅇ 국토교통부가 주최하고 공간정보산업진흥원이 주관하는 이번 경진대회의 세부사항은 브이월드 누리집(www.vworld.kr)을 통해 9월 7일부터 확인할 수 있고, 참가를 희망하는 사람은 누구나 9월 20일부터 10월 6일까지 누리집을 통해 참가신청서를 제출할 수 있다.

□ 올해 경진대회는 공간정보 활용에 관한 다양한 분야(교통, 안전, 환경, 산림 등)에서 공간정보 활용 사례뿐만 아니라 공간정보 분야의 새로운아이디어만 있으면 국민 누구나 참여할 수 있다.

 ㅇ 접수된 분야별 공간정보 활용 사례 및 아이디어는 실현성, 지속성, 우수성 등 총 8개 심사기준에 따라 1차 서면평가를 통해 10건을 선정하고, 오는 11월 9일 개최되는「스마트국토엑스포」에서 2차 발표평가를 통해 순위 확정 후 상장 및 상금*을 수여할 예정이다.

    * 대상 1팀(장관상, 상금 200만원), 최우수상 2팀(진흥원장상, 상금 각150만원), 
      우수상 3팀(진흥원장상, 상금 각100만원), 장려상 4팀(진흥원장상, 상금 각50만원), 

□ 국토교통부 박건수 국토정보정책관은 “이번 경진대회를 통해 공간정보 활용에 대한 민간의 관심도를 높이고, 나아가 국민 삶과 밀접한 분야에서 국민이 체감하고 생활에 직접적으로 활용되는 좋은 사례를 찾게 되기를 기대한다”라고 밝혔다.


담당부서
공간정보정책관
책임자
과  장 
박진식
(044-201-3488)
<총괄>
국가공간정보센터
담당자
사무관
백규영
(044-201-3491)
주무관
서성우
(044-201-3489)
<공동>
공간정보산업진흥원
디지털플랫폼처
책임자
처  장
김명원
(031-606-2537)


     


참고

 공간정보 활용 아이디어 경진대회 포스터




"
국토교통부,"

보도자료





















보도시점 : 2023. 9. 11.(월) 11:00 이후(9. 12.(화) 조간) / 배포 : 2023. 9. 11.(월)



중남미 18개국과 지명·공간정보 정책 역량 키운다 
- 국토지리정보원, 9월 12일부터 미주지리역사연구소 18개 회원국 초청 연수




□국토교통부(장관 원희룡) 국토지리정보원(원장 조우석)은 9월 12일부터 15일까지 4일간 수원컨벤션센터에서 미주지리역사연구소(PAIGH)* 회원국을 초청하여 지명 및 공간정보 역량강화 프로그램(이하 ‘역량강화 프로그램’)을 개최한다. * Pan American Institute of Geography and History

 ㅇ 지난해에 처음 개최되어 올해 2회째를 맞이하는 역량강화 프로그램에는 PAIGH 21개 회원국 중 북·중·남미 18개국에서 지명·공간정보를 담당하는 공무원 및 전문가 19명이 참가한다.

□특별히, 이번 역량강화 프로그램 기간 동안에는 국토지리정보원과 참가국이 공동으로 개최하는 “지리도서 전시회”가 행사장 내에서 펼쳐진다. 대한민국 국가지도집* 등 각국의 지도집과 지리 분야 발간물 등이 전시될 예정이다. 이를 통해 각국의 지도 제작·출판 성과를 공유하고, 참가자들에게 다양한 경험과 지식을 교류할 수 있는 기회를 제공할 것으로 기대된다.

   * 대한민국의 영토와 영해, 정부와 지방자치, 국토의 공간계획과 경제?산업 등 우리 국토의 면면을 담은 국가기록물로, 23년 국제지도 콘퍼런스(8.13∼8.18, 남아공)에서 지도집(Atlases) 분야 1등상 수상

 ㅇ 아울러, 지명(地名), 고지도, 지도 제작 및 공간정보 서비스, 국토위성 등을 주제로 한 다채로운 강의로 프로그램을 구성하였다.

 ㅇ 참가자들은 한국의 지리·역사, 한류를 집약적으로 체험할 수 있도록 경복궁, 국립중앙박물관, 한식체험관 등 우리나라를 대표하는 유적 등 주요 명소도 방문할 예정이다.

□국토지리정보원 조우석 원장은 “올해는 지난해보다 더 다양한 주제의 강의와 활동들로 프로그램을 기획했다”면서, “각국의 지명·공간정보 분야 제도 운용 경험과 노하우가 폭넓게 공유될 것으로 보이며, 이를 통해 우리나라와 모든 참가국들이 지명·공간정보 분야 글로벌 선도국가로 함께 성장해나가기를 기대한다”라고 밝혔다.

담당 부서
국토지리정보원
책임자
과  장 
김용옥
(031-210-2605)

국토조사과
담당자
사무관
장영기
(031-210-2710)


     



참고1

 2023년 PAIGH 회원국 대상 역량강화 프로그램 개요


□ 추진배경

 ㅇ 제49차 PAIGH 이사회(`19.11월)에서 우리나라는 상임옵서버국으로 가입, 우리원은 지명?공간정보 역량강화 프로그램 전담기관으로 선정

 ㅇ 이에 따라, 두 차례의 PAIGH 교류 협력 프로그램 개최 경험*을 바탕으로 하반기 중 21개 회원국 대상 초청연수 추진

   * (‘21년) 지명웨비나 개최(11.11), (’22년) 지명·공간정보 초청연수 개최(11.15~17)

□ 행사개요

 1) 프로그램명
 ㅇ (국문) 2023 미주지리역사연구소(PAIGH) 회원국 대상 지명 및 공간정보 역량강화 프로그램
 ㅇ (영문) Capacity Building Program on Geographical Names and Geospatial Information for Experts of PAIGH Member States

 2) 프로그램 기간 : ‘23. 9. 12.(화) ~ 9. 15.(금) / 4일간(출입국 일정 제외)

 3) 장소 : 수원컨벤션센터(주행사장), 코트야드메리어트 호텔(숙박)

 4) 참가대상

  ㅇ 참가인원 : PAIGH 회원국 18개국* 공무원·전문가 총 19명

    * 아르헨티나, 벨리즈, 볼리비아, 브라질, 칠레, 콜롬비아, 코스타리카, 에콰도르, 엘살바도르, 과테말라, 온두라스, 멕시코, 니카라과, 파나마, 파라과이, 페루, 도미니카 공화국, 우루과이

  ㅇ 참가자격 필수요건 : 지명표준화 및 공간정보 관리 분야 정책 수립 및 집행 담당자로서 PAIGH 및 회원국에서 추천하는 자

 5) 프로그램 언어 : 한국어-스페인어(동시·순차통역)

참고2

 미주지리역사연구소(PAIGH) 개요


1. 기관명 : 미주지리역사연구소[Pan American Institute of Geography and History, PAIGH(“page”로 발음)]
 ※ 스페인어 : IPGH(Instituto Panamericano de Geografia e Historia)

2. 주요연혁

 ㅇ 1928년 기관 설립

 ㅇ 1930년 사무국 개소(멕시코시티)

 ㅇ 1949년 미주기구(OAS)*의 산하 전문기구로 활동 개시
   * 미주기구(Organization of American States, OAS) : 북·중·남아메리카를 포괄하여 미주 국가들의 협력과 연합을 위해 1948년 창설된 국제기구

 ㅇ 2019년 한국 상임옵서버국 가입(’21년부터 한국이 지명·공간정보 분야 연수 프로그램 제공)

3. 주요활동

 ㅇ 미주지역 지도 제작, 지리학, 역사학, 지구물리학 관련 연구 촉진, 지원 및 보급

 ㅇ 회원국들의 상기 분야 현대화 및 역량강화 등

4. 구성현황

 ㅇ 소장 : 패트리샤 솔리스(Patricia Sol?s, 미국)

 ㅇ 부소장 : 록산다 파홀라 멘데스 마타(Rocsanda Pahola M?ndez Mata, 과테말라)

 ㅇ 사무총장 : 안토니오 캄푸자노 로살레스(Antonio Campuzano Rosales, 멕시코)

 ㅇ 상임위원회 : 지도 제작, 지리학, 역사학, 지구물리학의 4개 상임위로 구성

5. 회원국 및 상임옵서버국

 ㅇ 회원국(21) : 멕시코(사무국 소재), 아르헨티나, 벨리즈, 볼리비아, 브라질, 칠레, 콜롬비아, 코스타리카, 에콰도르, 엘살바도르, 미국, 과테말라, 아이티, 온두라스, 니카라과, 파나마, 파라과이, 페루, 도미니카공화국, 우루과이, 베네수엘라

 ㅇ 상임옵서버국(5) : 대한민국*, 스페인, 프랑스, 이스라엘, 자메이카
   * 아시아 국가로는 대한민국이 유일"
국토교통부,"

보도자료





보도시점 : 2023. 9. 24.(일) 11:00 이후(9. 25.(월) 조간) / 배포 : 2023. 9. 22.(금)



공간정보 창업 아이디어 찾는다… 25일부터 공모전 
-예비창업자 및 7년 미만 창업기업 총 10팀 선발… 최대 3,000만원 지원


□ 국토교통부(장관 원희룡)는 공간정보산업 분야에 창의성과 경쟁력을 가진 유망 창업기업을 발굴하고 지원하기 위해 9월 25일부터 11월 10일까지「제8회 공간정보 활용 창업 아이디어 공모전」을 진행한다.

□ 이번 공모전은 국토교통부가 주최하고 한국국토정보공사가 주관하며, 교통·물류, 시설물 관리, 재난방재, 부동산, 기상, 환경 등 전 분야에서 공간정보를 활용한 창의적인 창업 아이디어를 모집한다.

 ㅇ 예비창업자 또는 7년 미만 창업기업이라면 누구나 LX공간드림센터 누리집(www.startup.lx.or.kr)을 통해 참여할 수 있으며, 서면심사 및 발표평가를 거쳐 총 10팀을 최종 선발하여 시상할 계획이다.

 ㅇ 수상자들에게는 최대 3천만원(총 1.35억 원)의 사업화 자금을 지원하고, 창업보육 공간 및 IT인프라 무상 제공, 회계·법률·기술개발 등에 관한 컨설팅, 창업펀드 투자유치 지원 등의 단계별 창업지원 프로그램도 제공할 예정이다.

□ 국토교통부 박건수 국토정보정책관은 “이번 공모전을 통해 참신한 아이디어가 많이 발굴되어 공간정보 창업이 더욱 활성화 되기를 기대한다”면서,

 ㅇ “첨단산업의 핵심기반이 되는 공간정보산업이 지속가능한 민간주도형 생태계를 조성하여 디지털 대전환기를 선도할 수 있도록 아낌없이 지원해 나가겠다”라고 밝혔다. 

□ 이번 공모전의 자세한 사항은 국가공간정보포털(www.nsdi.go.kr), 한국국토정보공사(www.lx.or.kr), 공간정보산업진흥원 누리집(www.spacen.or.kr)의 공고문을 통해 확인할 수 있다. 


     

담당 부서
국토정보정책관
책임자
과  장 
강성습
(044-201-3469)
<주최>
공간정보진흥과
담당자
사무관
배대호
(044-201-4864)
주무관
이윤정
(044-201-3475)
<주관>

한국국토정보공사

책임자
처  장 
최충환
(063-713-1140)
담당자
대  리
김윤근
(063-713-1146)






































참고 1

「제8회 공간정보 활용 창업 아이디어 공모전」개요


□ 추진배경

 ㅇ 공간정보 활용 민간기업 생태계 육성을 위하여 국가 주도의 정책에서 탈피하여 민간 주도형 지속가능한 데이터 활용 생태계 조성 필요

□ 추진개요
 
 ㅇ (명칭) “제8회 공간정보 활용 창업 아이디어 공모전”

 ㅇ (주최/주관/후원) 국토교통부 / 한국국토정보공사 / 공간정보산업진흥원, 대·중소기업·농어업협력재단

 ㅇ (참가자격) 공간정보를 활용한 창업 아이디어를 가진 일반국민(예비창업자) 또는 창업한지 7년 미만의 사업자(창업자)

 ㅇ (추진절차) 모집공고>서류검토>1차평가(서면)>2차평가(발표)>시상
   * 국가공간정보포털(www.nsdi.go.kr), LXㆍ진흥원 홈페이지 등 활용 공모전 공고 안내, LX공간드림센터 홈페이지(startup.lx.or.kr)를 통한 온라인 접수


모집 공고

접수자 요건검토

1차 서면평가

2차 발표평가

최종선정 및 시상식
- 공모전 홍보 및 
  지원자 모집
▶
- 신청 접수자 
  참여요건 검토 
  진행
▶
- 신청 접수자 
  대상 1차 서류
  평가 진행
▶
- 서면평가 
  통과자 2차 
  발표평가 진행
▶
- 최종결과 안내 
  및 시상식 진행
9. 25.~11. 10.

11. 13.~11. 17.

11. 20.~11. 24.

11. 27.~12. 8.

12월 중


 ㅇ (심사기준) 창업아이디어에 대한 기술성, 사업성, 사업수행 역량을 기준으로 심사

 ㅇ (수상자지원) 총 10팀 선발(예비창업자 3팀 이상), 상장과 사업화 자금 및 창업지원 프로그램(공간?IT인프라?컨설팅 등) 기회 제공


계(10팀)
시상 내역
사업화자금
창업지원
대    상(1팀)
국토교통부 장관상 1팀
3,000만원
창업공간, 판로개척,
교육지원, 기술보호, 
투자유치, 기업홍보 등
최우수상(3팀)
한국국토정보공사 사장상 3팀
각 1,500만원
우 수 상(6팀)
대·중소기업·농어업협력재단 사무총장상 3팀
공간정보산업진흥원 원장상 3팀,
각 1,000만원


참고 2

 공모전 포스터(대용량 파일 별첨)




"
국토교통부,"

보도자료






보도시점 : 2023. 7. 3.(월) 11:00 이후(7.4.(화) 조간) / 배포 : 2023. 7. 3.(월)



제3차 디지털트윈 시범사업 공모 결과… 7개 지자체 선정  
- 경상남도(진주-사천), 대전시, 경기도 광명시·용인시, 경상북도 안동시  ·경주시, 울산시 최종 선정
- 도심항공교통(UAM) 포트 입지 선정 시뮬레이션, ChatGPT 연계 관광 서비스 등 최신 AI 기술 연계 분야 추가 



□국토교통부(장관 원희룡)는 전국 지자체를 대상으로 실시한 제3차 디지털트윈 시범사업* 공모결과(3.24.~5.31), 7월 3일 7개 지자체를 최종 선정하였다고 밝혔다.

   * 사업목적 : 다양한 사회 이슈의 과학적 해결을 위한 디지털트윈 활용모델 발굴

     지원규모: 총 45억원, 사업당 5-7억원 국비지원(지방비 50% 매칭 별도)

     선정 지자체 : 경상남도(진주-사천 공동공모), 대전광역시, 경기도 광명시, 용인시, 경상북도 안동시, 경상북도 경주시, 울산광역시(☞세부 내용은 참고자료 첨부)

□ 디지털트윈* 시범사업은 안전, 환경 등 도시문제를 디지털트윈 기술을 활용하여 효과적으로 해결할 수 있는 혁신 아이디어를 발굴하고 시범 적용하기 위해 ’21년부터 시행해왔으며, 

   * 디지털트윈 : 실재 사물을 가상세계에 동일하게 3차원 모델로 구현하고, 시뮬레이션을 기반으로 한 분석, 예측, 최적화 등을 적용하여 의사결정을 지원하는 기술

 ㅇ 이번 3차 시범사업에서는 디지털트윈의 활용영역을 확대하기 위해 기존의 사회이슈 분야(도시계획, 안전, 행정, 환경)와 더불어 최신 AI 기술 연계 분야를 추가하였다고 밝혔다.

□ 국토교통부 박건수 국토정보정책관은 ”이번 시범사업을 통해 디지털트윈이 도시계획, 환경 등 지자체 주요 현안 해결에 활용될 수 있다는 것을 보여주는 것뿐 아니라, 최신 AI 기술과의 연계를 통해 디지털플랫폼 정부가 조기에 실현되기 위한 근간을 마련하겠다”라고 밝혔다.


담당 부서
국토정보정책관
책임자
과  장 
이상우
(044-201-3469)

공간정보진흥과
담당자
사무관
최정우
(044-201-3470)


     


참고 1

 디지털 트윈국토 시범사업 개요


□ 추진배경

 ㅇ 디지털 트윈국토에 대한 지자체의 높은 관심과 호응, 국정과제*(디지털트윈 조기완성 등) 실현을 위해 제3차 시범사업 추진

   * [국정과제 38] (국토디지털화) 고정밀 전자지도, 3차원 입체지도 구축 등을 통해 디지털트윈을 조기완성하여 교통, 환경, 방재 등 도시문제 해결에 활용

 ? 국가 주도의 시범사업 지원을 통해, 행정업무에 디지털 트윈국토 활용을 원하는 지자체 수요충족 및 디지털트윈 확산에 기여

제1,2차 시범사업 주요 내용

1차 사업
주요 내용
2차 사업
주요내용
인천 
실감형 화재진압 시뮬레이션
서초 
교통영향평가 지원 모델 개발
제주 
소규모 환경영향평가 지원
청주 
스마트 교통 분석시스템 구축사업
장성 
건축물 색채디자인 분석
충남 
문화재 보존 지원시스템 구축
아산 
홍수예측 시뮬레이션
영광 
3차원 시뮬레이션을 통한 실시간 재난대응체계 구축
울진 
해안도로 침수·침하 시뮬레이션
속초 
편리하고 안전한 미래관광도시 구현
남해 
관광객 방문정보 가시화 및 방문패턴 시뮬레이션
춘천 
효율적 내수면 관리를 위한 의암호 디지털트윈 구축
진천 
농지·산지 전용 인허가지원 시스템
울산 
디지털트윈 기반 탄소중립 활용모델 구축
곡성 
관광 인프라 운영관리 시뮬레이션
※ (제1차 시범사업) 총 85억원 규모의 10개 지자체 사업추진 완료(’21.8~‘22.10)

※ (제2차 시범사업) 총 98억원 규모의 7개 지자체 사업추진 중(‘22.9~’23.9)
기장 
교통량을 반영한 최적 신호체계 시뮬레이션
완주 
활용부지, 비용 등 주차공간 분석 시뮬레이션


□ 3차 시범사업 추진방향

 ㅇ (사업방향) ?다양한 사회 이슈의 과학적 해결을 위한 디지털트윈 활용모델 발굴, ?최신 AI 기술을 디지털트윈에 적용한 활용모델 개발 및 행정 효율화 마련

 ㅇ (지원규모) 총 7곳 선정(사업당 5-7억원 국비 지원, 국비-지방비 5:5 매칭 원칙)

 ㅇ (사업기간) 보조금 최초 교부일(’23.7)로부터 1년 이내 사업완료

참고 2

 제3차 시범사업 선정 지자체 사업 내용


 ?대전광역시 [디지털트윈 기반 지하시설물 통합 안전관리 체계 구축]

  ○사업내용: 기존 지하공간통합지도, 지하시설물 데이터와 행정정보의 융·복합을 통해 XR기반 고정밀 지하공간정보를 구축하고 AI를 활용하여 지하시설물의 설비 예측 및 사전 점검사항을 제공하는 지하시설물 통합 안전관리 체계 구축

  ○행정활용모델
   ? XR기반 통합 지하공간정보 모니터링 서비스
   ? AI 지하설물 예지보전 서비스
   ? 지하시설물 안전관리 시뮬레이션 서비스

 ?경기도 용인시 [사람길 용인행정 DT로 르네상스 실현]

  ○사업내용: 3차원(건물, 도로, 시설물 등) 공간정보·행정데이터·통신데이터를 융합하여 디지털트윈 기반 동적 시뮬레이션을 수행하고 용인시 정책 의사결정 지원

  ○행정활용모델
   ? 유동인구 분석 모델
   ? 종합행정 입지분석 활용모델
   ? 공공자산 관리 서비스 활용모델(국/공유지)
   ? 공공시설 노후화 관리 활용모델(교량/육교)

 ?경기도 광명시 [디지털트윈으로 그리는 광명의 미래]

  ○사업내용: 광명·시흥 3기 신도시 도시계획 수립 의사결정 지원을 위한 가상 도시모델 생성, UAM 버티포트 입지분석 등 디지털트윈 기반 3D 도시계획 시뮬레이션 플랫폼 구축
  ○행정활용모델
   ? 광명·시흥 3기 신도시 지구계획 지원을 위한 3D 도시 구축 시뮬레이션
   ? 스마트도시 계획을 위한 UAM 버티포트 입지분석 및 UAM 시뮬레이션
   ? 하천 범람 방지를 위한 저류지 생성 시뮬레이션

 ?경상북도 안동시 [기후위기를 고려한 안동시 스마트 맑은물 관리 체계 구축]

  ○사업내용: 안동댐 상수원 및 하천 유역의 공간정보와 치수를 위한 물 관리 정보를 연계·융합하여 스마트 맑은 물 관리체계 구축

  ○행정활용모델
   ? 안동댐 상수원 및 하천 유역 물관리 디지털 전환 관리
   ? 기후위기를 고려한 스마트 홍수/가뭄 시뮬레이션
   ? 디지털 트윈 기반의 맑은 물 하이웨이 용수계통 시뮬레이션
   ? AI, 드론, BIM 등 디지털트윈 기반 안동댐 안전관리
   ? 모든 지역이 차별없이 누리는 안동시 통합물관리 지원

 ?경상남도(진주시·사천시) [도로 안전성 평가 및 선형개량 시뮬레이션 모델 개발]

  ○사업내용: 공간정보와 행정정보를 연계·융합하여 도로의 안전·선형개량·확장·신설의 사전 시뮬레이션을 수행하고 위험도로 구조개선 체계 전환하여 안전한 도로 환경 구현

  ○행정활용모델
   ? 도로 안전성 평가 시뮬레이션 모델
   ? 도로 선형개량 대안 시뮬레이션 모델
   ? 도로 확장, 신설 시뮬레이션 모델




 ?울산광역시 [인공지능과 공간정보를 융합한 신개념 공공정보 검색모델 구축]

  ○사업내용: 인공지능기술과 공간정보를 융합한 울산형 데이터 기반 행정체계 구축으로 시민의 눈높이와 요구에 부합하는 신개념 공공정보 검색모델 구축

  ○행정활용모델
   ? 생성형 AI기반 대화형 행정정보 서비스모델 구축
  ? 인공지능 기반 과제수행 기획 모델 구축

 ?경상북도 경주시 [디지털트윈브릿지: 경주의 과거와 현재를 여행하다.]

  ○사업내용: 인공지능을 활용하여 경주시 문화·관광 분야의 사용자 맞춤형 정보제공 및 서라벌지역 디지털트윈 기반 메타버스 환경을 구성하여 체험형 콘텐츠 개발

  ○행정활용모델
   ? ChatGPT(GyeongJu Tourism Service)활용 경주 관광안내 맞춤형 추천 서비스
   ? 메타버스 활용 서라벌 시간여행(과거-현재) 서비스"
국토교통부,"

보도자료





보도시점 : 2023. 7. 3.(월) 11:00 이후(7. 4.(화) 조간) / 배포 : 2023. 7. 3.(월)



지속가능한 스마트시티 국제 협력, 한국이 선도
- 7월 3일 OECD와 라운드테이블 공동 개최, 스마트시티 분야 국제 공조 주도


□ 국토교통부(장관 원희룡)는 7월 3일 프랑스 파리에서 스마트시티 라운드테이블(원탁회의)을 OECD와 공동으로 개최(현지시간 09:30, 한국시간 16:30)한다고 밝혔다.
   * OECD(Organization for Economic Co-operation and Development)는 1961년 9월에 창설된 국제 경제기구로, 회원국 간의 경제적 협력 증진 및 세계경제질서 논의

 ㅇ 올해로 3회째를 맞이하는 이번 OECD 스마트시티 라운드테이블(이하 라운드테이블)은 ‘스마트시티를 통해 어떻게 탄소중립 전환을 촉진할 것인가?’라는 주제로 개최된다.
   * 1회(’19.7) 스마트시티와 포용적 성장, 2회(’20.12) 스마트시티 성과 측정 방안

□ 라운드테이블에서는 네덜란드, 독일, 일본 등 스마트시티 주요 선진국과 ITF(국제교통포럼), IEA(국제에너지기구), UN ESCAP(아시아 태평양 경제사회 위원회) 등 주요 국제기구의 전문가 20여명이 모여 탄소중립 달성을 위한 스마트시티의 성과와 촉진방안에 대해 논의할 예정이며,

 ㅇ 국토교통부 대표단(단장 오성익 기획관)은 한국의 지속가능한 스마트시티 정책과 경험을 국제사회에 공유하고, 라운드테이블의 확대·발전을 위해 전세계 국가·도시 및 국제기구의 적극적인 참여를 제안할 계획이다.

□ 아울러, 도시기후리더십그룹(C40)*, IEA, UN ESCAP 등 다양한 기관과 양자면담을 개최하여 스마트시티 의제에 대한 국제 공조를 강화할 수 있는 방안을 마련할 예정이다.
   * (C40) 기후변화에 적극 대응하기 위해 2005년 발족한 세계 대도시 협의체로, 서울, 런던, 뉴욕, 파리 등 40개 정회원 도시와 16개 협력회원 도시로 구성

□ 국토교통부 윤영중 도시경제과장은 “이번 라운드테이블을 통해 한국이 국제사회에서 스마트시티, 탄소중립도시 등 다양한 도시정책 의제를 선도하는 계기를 마련할 수 있을 것이며, 9월 고양에서 개최되는 월드스마트시티엑스포를 통해 국제 협력을 확대해 나가겠다”라고 밝혔다.

담당 부서
도시정책관
책임자
과  장 
윤영중
(044-201-4845)

도시경제과
담당자
사무관
이용관
(044-201-4842)


     


참 고

 제3차 OECD 스마트시티 라운드테이블


□ 행사 개요

 ㅇ (행사명) 3rd OECD Roundtable on Smart Cities and Inclusive Growth

 ㅇ (주제) How can smart cities boost the net-zero transition?

 ㅇ (일시/장소) 2023.7.3.(월), 프랑스 파리 OECD 사무국

 ㅇ (참석자) 각국 정부?공공기관?지자체?연구원?학계?기업 관계자 등

□ 세부 일정


시  간
내  용 
09:30~10:00
Opening remarks (국토교통부 지적재조사기획단 오성익 기획관)
10:00~12:00
(세션 I) 스마트시티와 탄소중립 전환 : 스마트시티가 어떻게 탄소중립 전환을 촉진하는가? 
ㅇ (발제) 탄소중립을 위한 도시 배출범위(Andr?s Fuentes Hutfilter, OECD)
ㅇ (토론 및 발표)
 - Martin Mooij, Dutch Green Building Council 
 - Marion Lagadic, International Transport Forum
 - Kazuaki Takahashi, Climate Change Policy Headquarters, City of Yokohama
 - Foucauld Laurent, EMEA Business Amazon Web Services (AWS)
 - 정승현 박사, 한국건설기술연구원
12:00~13:30
점심식사
13:30~15:00
(세션 Ⅱ) 탄소중립 달성을 촉진시키는 스마트시티 요소와 장애물
ㅇ (발제) 국토부-OECD 공동연구 내용(조현준 과장, OECD)
ㅇ (토론 및 발표)
 - Willington Feitosa, Smart Cities Coordinator, Rio de Janeiro
 - Curt Garrigan, UN ESCAP
 - 이홍석, 서울시 친환경건물정책팀장 (온라인)
 - Peter Sailer, Deutsche Gesellschaft fuer Internationale Zusammenarbeit (GIZ) GmbH 
 - Philippe Froissard, European Commission 
 - Vida Rozite, International Energy Agency 
 - Sebastiano Toffaletti, European DIGITAL SME Alliance
15:00~15:30
휴식
15:30~17:00
(세션 Ⅲ) 탄소중립 목표에 대한 스마트시티 기여도 측정 방안
ㅇ (발제) Camille Viros, OECD
ㅇ (토론 및 발표)
 - John Smiciklas, President, Chairman of the U4SSC Group on Digital Transformation Assessment of People-Centred Cities
 - Alexandre Santacreu, European Metropolitan Transport Authority 
 - 이재용 박사 국토연구원
 - Bruno Lanvin, President of Smart City Observatory at IMD
 - Danil Kerimi, World Smart Sustainable Cities Organization(WeGo)
17:00~17:30
(세션 Ⅳ) 지속가능한 스마트시티를 위한 방법: 스마트시티와 포용적 성장 프로그램의 다음 단계 논의
"
국토교통부,"

보도자료





보도시점 : 2023. 9. 5.(화) 11:00 이후(9. 6.(수) 조간) / 배포 : 2023. 9. 5.(화)



세계 스마트도시의 축제, 
「월드스마트시티엑스포 2023」 열린다
 - 9월 6일부터 3일간 스마트도시 관련 콘퍼런스, 체험·전시, 시장포럼 등 추진 

 - 전 세계 도시 관계자, 스마트시티 기업, 전문가 등 54개국 700여명 참석


□ 국토교통부(장관 원희룡)와 과학기술정보통신부(장관 이종호)는 9월 6일부터 9월 8일까지 3일간 스마트도시의 현재와 미래를 한 곳에서 체험할 수 있는 「월드스마트시티엑스포 2023」을 고양 킨텍스에서 개최한다.

 ㅇ ‘17년부터 시작되어 올해 7회를 맞이하는 월드스마트시티엑스포는 전 세계 정부 관계자, 전문가, 기업들이 모이는 아태지역 최대의 스마트시티 행사이다.

□ 올해는 ‘더 스마트한 도시, 더 밝은 미래(Smarter City, Brighter Future)’라는 슬로건 아래 더 안전하고 살기 좋은 도시를 위한 혁신을 주제로 개막식과 다양한 콘퍼런스, 체험 및 전시 등을 진행할 계획이다.

 ㅇ 특히, 해외도시 시장과 국내 시장들이 함께 각 도시의 스마트시티 성공모델에 대한 경험 등을 공유하는 ‘WSCE Mayors 포럼’을 개최할 예정이며, 이 밖에도 수소도시관, 국가시범도시관, 자율주행 체험 공간 등 한국의 다양한 스마트시티 모델을 직접 체험할 수 있는 전시관도 운영된다.

 ㅇ 아울러, 네덜란드, 태국, 사우디, 일본 등과 G2G 협력회의, 데이터·금융·거버넌스 등 분야별 콘퍼런스, 1:1 비즈니스 상담회 등 총 50여개의 다양한 프로그램이 진행된다.

□ 국토교통부 이상주 도시정책관은 “이번 엑스포는 전 세계 정부 및 전문가, 기업이 모여 스마트시티의 미래를 미리 확인하고, 글로벌 네트워크를 구축하는 스마트도시의 축제”라고 전하면서,

 ㅇ “이번 기회를 통해 한국의 우수한 스마트시티 기술을 전 세계에 확산하고, 우리 스마트시티 기술들의 해외 진출을 촉진할 수 있는 기회가 되길 바란다”라고 밝혔다.

□ 한편,「월드스마트시티엑스포 2023」과 관련된 현장영상, 전시 참가기업 등 자세한 정보는 공식 누리집(www.worldsmartcityexpo.com)에서 확인할 수 있다.

담당 부서
도시정책관
책임자
과  장 
윤영중
(044-201-3674)
<총괄>
도시경제과
담당자
사무관
이윤하
(044-201-4844)



사무관
정정희
(044-201-3720)
<공동>
도시활력지원과
책임자
과  장
김기훈
(044-201-3730)



사무관
정규철
(044-201-3733)


     

     


참고 1

 WSCE 2023 행사개요

 
□(일시/장소) ‘23.9.6(수)~9.8(금) /고양시 킨텍스 제1전시장

□(주제) 더 스마트한 도시, 더 밝은 미래(Smarter City, Brighter Future)

□ 주요 프로그램

 ㅇ(개막식) 국무총리(영상), 개회사(1차관), 전시 관람, 오찬

 ㅇ(컨퍼런스) 기술, 거버넌스, 데이터, 재정 주제별 27개 컨퍼런스를 통해 정부, 산?학?연, 국제기구 등 전문가들의 네트워킹 場 제공

 ㅇ (부대행사) 스마트시티 전국지자체 협의회, 스마트시티 성과공유 워크숍, 스마트도시 인덱스와 시범사업결과 토론회 등 7개 부대행사 개최

 ㅇ (G2G, C2C) 글로벌 스마트시티 네트워크 구축을 위해 시장포럼*, 정부간 협력회의(일본, 네덜란드, 사우디, 태국), 고위급 양자면담* 개최

   * 캄보디아, 방글라데시, 베트남, 인도네시아, 튀르키예, 태국 등 해외진출 대상 도시 시장 등 15여명
  ** 브루나이 교통부 차관, WB 국장, IDB 국장, UN 해비타트 국장 등

 ㅇ(전시) 스마트시티 테크&솔루션, 스마트 에너지, 스마트 빌딩&인프라 등 역대 최대 규모로 20개국 320개사가 참여(해외 5개국 15개사)

   * (VIP 전시투어) LH, Kwater, 인천, 포항 등 15개 내외(50분) / (안내)킨텍스

 ㅇ(비즈니스) 18개국 약 110여명의 국내외 바이어를 초청하여, 수출상담회, 구매상담회, 투자설명회 등 우리기업 판로확대 지원

 ㅇ(시상식&네트워킹) 스마트시티 산업 발전 및 WSCE 행사 개최에 기여한 유공자 시상 및 국내외 관계자 간 네트워킹의 장* 마련

   * 장관표창 수상(5명), 장관상 수상(5명), WSCE 어워즈 수상(30명), Best Partnership 수상(2팀), 지자체, 기업 등 150여명 참석

참고 2

 WSCE 2023 프로그램 일정표




참고 3

 WSCE 2023 전시관 구성


□ (구성) 7개 분야* 총 320개사 1,633부스 참여(부대시설 포함, 32,157㎡)

   * 한국형 스마트시티관, 스마트시티 테크&솔루션관, 스마트 서비스관, 스마트에너지관, 스마트빌딩&인프라관, 스마트 모빌리티관, 우수 기업 비즈니스 페어관

□ (목적) 도시 및 기업의 우수사례, 스마트시티 서비스, 신기술 등을 전시하여 홍보 기회 및 비즈니스 기회 제공

   * 중소기업의 비즈니스 활성화를 위한 우수기업 비즈니스 페어관 운영

□ (내용) 직접 체험할 수 있고, 쉽게 이해할 수 있는 스마트 기술?서비스 위주로 구성해 일반 관람객의 이해를 돕고, 흥미 제고


구 분
현황
기관 수
비고
한국형
스마트시티
LH, K-water 및
스마트시티 기업
160부스
LH, K-water &
18개사
LH, K-water 및 기업
스마트
도시&기업
스마트시티 테크&솔루션, 스마트 서비스, 스마트 에너지, 스마트 빌딩&인프라, 스마트 모빌리티
247부스
17개 지자체 & 110여개사
부산, 의정부, 광주, 용인, 춘천, 대전, 충북, 성남, 포항, 전남, 대구, 인천, 울산, 아산, 태안, 목포, 고양
178부스
80개사
주식회사 와트, 빌딩포인트코리아, 원모어시큐리티, 비전정보통신, LX, 새만금개발공사, KAIA, 조경협회 등 스마트시티 전문기업
우수기업 비즈니스 페어관
중소기업/스타트업
지원 사업
33부스
31개사

스마트시티
기업공동관&
잡페어
스마트시티 융합 얼라이언스 & 비대면 창업기업관
83부스
50개사

해외관
캐나다, 영국, 이스라엘, 베트남, 태국
13부스
12개사
Canada Ministry of Economic Development Job Creation & Trade, DEPA, FPT Software 등
소 계
714부스
320개사

부대시설
(개막식장, 컨퍼런스장, 상담회장 등)
738부스


체험시설
(자율주행차 시승)
181부스
3개사
자율주행차(양산차, 셔틀형 등)
집단주행, 스마트보행신호등
소 계
919부스
320개사

총 합 계
1,633부스
320개사


   

참고 4

 전시장 배치도

"
행정안전부,"

보도자료





보도시점 : 2023. 9. 5.(화) 11:00 이후(9. 6.(수) 조간) / 배포 : 2023. 9. 5.(화)



세계 스마트도시의 축제, 
「월드스마트시티엑스포 2023」 열린다
 - 9월 6일부터 3일간 스마트도시 관련 콘퍼런스, 체험·전시, 시장포럼 등 추진 

 - 전 세계 도시 관계자, 스마트시티 기업, 전문가 등 54개국 700여명 참석


□ 국토교통부(장관 원희룡)와 과학기술정보통신부(장관 이종호)는 9월 6일부터 9월 8일까지 3일간 스마트도시의 현재와 미래를 한 곳에서 체험할 수 있는 「월드스마트시티엑스포 2023」을 고양 킨텍스에서 개최한다.

 ㅇ ‘17년부터 시작되어 올해 7회를 맞이하는 월드스마트시티엑스포는 전 세계 정부 관계자, 전문가, 기업들이 모이는 아태지역 최대의 스마트시티 행사이다.

□ 올해는 ‘더 스마트한 도시, 더 밝은 미래(Smarter City, Brighter Future)’라는 슬로건 아래 더 안전하고 살기 좋은 도시를 위한 혁신을 주제로 개막식과 다양한 콘퍼런스, 체험 및 전시 등을 진행할 계획이다.

 ㅇ 특히, 해외도시 시장과 국내 시장들이 함께 각 도시의 스마트시티 성공모델에 대한 경험 등을 공유하는 ‘WSCE Mayors 포럼’을 개최할 예정이며, 이 밖에도 수소도시관, 국가시범도시관, 자율주행 체험 공간 등 한국의 다양한 스마트시티 모델을 직접 체험할 수 있는 전시관도 운영된다.

 ㅇ 아울러, 네덜란드, 태국, 사우디, 일본 등과 G2G 협력회의, 데이터·금융·거버넌스 등 분야별 콘퍼런스, 1:1 비즈니스 상담회 등 총 50여개의 다양한 프로그램이 진행된다.

□ 국토교통부 이상주 도시정책관은 “이번 엑스포는 전 세계 정부 및 전문가, 기업이 모여 스마트시티의 미래를 미리 확인하고, 글로벌 네트워크를 구축하는 스마트도시의 축제”라고 전하면서,

 ㅇ “이번 기회를 통해 한국의 우수한 스마트시티 기술을 전 세계에 확산하고, 우리 스마트시티 기술들의 해외 진출을 촉진할 수 있는 기회가 되길 바란다”라고 밝혔다.

□ 한편,「월드스마트시티엑스포 2023」과 관련된 현장영상, 전시 참가기업 등 자세한 정보는 공식 누리집(www.worldsmartcityexpo.com)에서 확인할 수 있다.

담당 부서
도시정책관
책임자
과  장 
윤영중
(044-201-3674)
<총괄>
도시경제과
담당자
사무관
이윤하
(044-201-4844)



사무관
정정희
(044-201-3720)
<공동>
도시활력지원과
책임자
과  장
김기훈
(044-201-3730)



사무관
정규철
(044-201-3733)


     

     


참고 1

 WSCE 2023 행사개요

 
□(일시/장소) ‘23.9.6(수)~9.8(금) /고양시 킨텍스 제1전시장

□(주제) 더 스마트한 도시, 더 밝은 미래(Smarter City, Brighter Future)

□ 주요 프로그램

 ㅇ(개막식) 국무총리(영상), 개회사(1차관), 전시 관람, 오찬

 ㅇ(컨퍼런스) 기술, 거버넌스, 데이터, 재정 주제별 27개 컨퍼런스를 통해 정부, 산?학?연, 국제기구 등 전문가들의 네트워킹 場 제공

 ㅇ (부대행사) 스마트시티 전국지자체 협의회, 스마트시티 성과공유 워크숍, 스마트도시 인덱스와 시범사업결과 토론회 등 7개 부대행사 개최

 ㅇ (G2G, C2C) 글로벌 스마트시티 네트워크 구축을 위해 시장포럼*, 정부간 협력회의(일본, 네덜란드, 사우디, 태국), 고위급 양자면담* 개최

   * 캄보디아, 방글라데시, 베트남, 인도네시아, 튀르키예, 태국 등 해외진출 대상 도시 시장 등 15여명
  ** 브루나이 교통부 차관, WB 국장, IDB 국장, UN 해비타트 국장 등

 ㅇ(전시) 스마트시티 테크&솔루션, 스마트 에너지, 스마트 빌딩&인프라 등 역대 최대 규모로 20개국 320개사가 참여(해외 5개국 15개사)

   * (VIP 전시투어) LH, Kwater, 인천, 포항 등 15개 내외(50분) / (안내)킨텍스

 ㅇ(비즈니스) 18개국 약 110여명의 국내외 바이어를 초청하여, 수출상담회, 구매상담회, 투자설명회 등 우리기업 판로확대 지원

 ㅇ(시상식&네트워킹) 스마트시티 산업 발전 및 WSCE 행사 개최에 기여한 유공자 시상 및 국내외 관계자 간 네트워킹의 장* 마련

   * 장관표창 수상(5명), 장관상 수상(5명), WSCE 어워즈 수상(30명), Best Partnership 수상(2팀), 지자체, 기업 등 150여명 참석

참고 2

 WSCE 2023 프로그램 일정표




참고 3

 WSCE 2023 전시관 구성


□ (구성) 7개 분야* 총 320개사 1,633부스 참여(부대시설 포함, 32,157㎡)

   * 한국형 스마트시티관, 스마트시티 테크&솔루션관, 스마트 서비스관, 스마트에너지관, 스마트빌딩&인프라관, 스마트 모빌리티관, 우수 기업 비즈니스 페어관

□ (목적) 도시 및 기업의 우수사례, 스마트시티 서비스, 신기술 등을 전시하여 홍보 기회 및 비즈니스 기회 제공

   * 중소기업의 비즈니스 활성화를 위한 우수기업 비즈니스 페어관 운영

□ (내용) 직접 체험할 수 있고, 쉽게 이해할 수 있는 스마트 기술?서비스 위주로 구성해 일반 관람객의 이해를 돕고, 흥미 제고


구 분
현황
기관 수
비고
한국형
스마트시티
LH, K-water 및
스마트시티 기업
160부스
LH, K-water &
18개사
LH, K-water 및 기업
스마트
도시&기업
스마트시티 테크&솔루션, 스마트 서비스, 스마트 에너지, 스마트 빌딩&인프라, 스마트 모빌리티
247부스
17개 지자체 & 110여개사
부산, 의정부, 광주, 용인, 춘천, 대전, 충북, 성남, 포항, 전남, 대구, 인천, 울산, 아산, 태안, 목포, 고양
178부스
80개사
주식회사 와트, 빌딩포인트코리아, 원모어시큐리티, 비전정보통신, LX, 새만금개발공사, KAIA, 조경협회 등 스마트시티 전문기업
우수기업 비즈니스 페어관
중소기업/스타트업
지원 사업
33부스
31개사

스마트시티
기업공동관&
잡페어
스마트시티 융합 얼라이언스 & 비대면 창업기업관
83부스
50개사

해외관
캐나다, 영국, 이스라엘, 베트남, 태국
13부스
12개사
Canada Ministry of Economic Development Job Creation & Trade, DEPA, FPT Software 등
소 계
714부스
320개사

부대시설
(개막식장, 컨퍼런스장, 상담회장 등)
738부스


체험시설
(자율주행차 시승)
181부스
3개사
자율주행차(양산차, 셔틀형 등)
집단주행, 스마트보행신호등
소 계
919부스
320개사

총 합 계
1,633부스
320개사


   

참고 4

 전시장 배치도

"
행정안전부,"□ 최근 두바퀴 교통수단의 사고 증가에 대한 우려가 커지는 가운데 교통사고 감소 대책의 일환으로 ‘자전거 통행 위험지역 조사’를 추진한다.

 ○ 행정안전부는 지난 1월 지자체장의 ‘자전거 통행 위험지역 조사’를 의무화하는 자전거 이용 활성화에 관한 법률(’23.1.4.공포, 7.4.시행, 이하 자전거법)을 개정한데 이어, 동법 시행령이 6월 27일 국무회의를 통과함에 따라 7월 4일 부터 시행된다고 밝혔다.

 ○ 시행령에 따라, 자전거 사고 발생 빈도가 높고 교통이 복잡하며 도로 여건상 위험한 지역의 도로·시설 등에 대한 위험요소 조사가 의무화된다.

 

□ 현행 도로교통법상 자전거 운전자는 자전거도로가 설치되지 않은 곳에서는 도로 우측 가장자리에 붙어서 통행하도록 되어 있는데 자전거 도로가 확보되지 않은 도로가 많아 이에 대한 예방책 마련이 필요하다는 지적이 있어 왔다. 

 ○ 지난 3월 국토부와 관계부처 합동으로 발표한 ‘교통사고 사망자 감소대책 수립?추진’에서 지난해 자전거, 개인형 이동수단, 이륜차 등 두 바퀴 교통수단 이용자의 교통사고 사망자는 전년도 대비 30.0%, 36.8%, 4.4% 증가하여, 다른 유형의 교통사고 사망자는 감소한 것과 대비되면서 이용자들의 우려를 산 바 있다. "
행정안전부,"□ 행정안전부는 강풍으로 인해 발생하는 옥외광고물 추락 등 안전사고를 예방하기 위해 지역별 풍량 분석 등을 담은 ‘옥외광고물 설치 표준 가이드라인’을 마련해 지자체에 배포한다고 밝혔다.

 ○ 옥외광고물은 불특정 다수가 통행하는 거리에 노출되어 있고 강풍?태풍 등으로 파손이 생길경우 주변에 인명 사고와 시설 피해를 유발할 수 있어 철저한 관리가 필요하다.

 ○ 그러나 대부분의 옥외광고물은 설치 단계에서 간판 종류나 지역적 풍속 차이 등을 고려하지 않은 채 옥외광고 업체의 시공 경험에 의지하여 설치되고 있다.

 

□ 이에, 행정안전부는 신고된 옥외광고물 중 가장 많은 비중(98%)을 차지하고 있는 벽면 이용간판, 돌출간판, 지주이용간판을 대상으로 선정하여 벽면 외장재 5종류*에 대한 8가지 시공방법을 자세하게 제시한 ‘옥외광고물 간편 설치 표준 가이드라인’을 마련했다.

 ○ 행정안전부는 실효성 높은 가이드라인 마련을 위해 지난해 12월부터 옥외광고물 설치현장에 대한 조사?분석을 진행하고 건축구조·풍공학 전문가와 옥외광고협회?시공업체의 자문과 지자체의 의견수렴 등을 진행했"
행정안전부,"□ 앞으로는 자율주행로봇의 이동에 필요한 경로에 주소정보를 반영하여 주요 기반시설을 활용할 수 있게 된다.

 

□ 행정안전부(장관 이상민)는 9월 22일(금), 건국대 서울캠퍼스에서「주소기반 자율주행로봇 협의체」를 발족하고 1차 회의를 개최한다고 밝혔다.

   ○ 국내로봇 대표기업와 관련부처*, 유관기관, 학계 등 전문가 24명으로 구성되었으며, 주소기반 자율주행로봇** 서비스 확산과 관련 산업 활성화를 지원하는 역할을 한다.

   * 관련부처: 행안부, 산업부, 국토부, 경찰청, 우정사업본부

  ** 주소기반 자율주행로봇이란 : 주소정보 기반으로 구축한 실내·외 로봇 이동경로 및 접점(출입구, 사물주소 등)을 사용하여 배송하는 자율주행로봇

 

□ 행정안전부는 주소기반 로봇배송서비스 도입을 위해 2020년부터 전국 7개*지역에서 실증 진행을 통해 개선사항 도출과 효과를 검증하고 있다.

   * 7개 지역: 서울(송파구, 건국대), 부산, 인천, 대전, 울산, 세종

   ○  아울러, 건물의 모든 출입구, 경사로, 계단, 출입문의 종류 등 주소정보 지능화를 통해 이동체별(로봇, 사람, 차량 등)로 꼼꼼한 경로안내가 가능하도록 주소체계 고도화를 추진하고 있다.

 

□ 협의체는 주소기반 로봇 기반시설 확산에 협력하고,「주소지능정보 전문가포럼」을 통해 주소기반의 로봇배송 활성화를 위한 과제연구도 수행할 예정이다."
행정안전부,"


보도자료



보도시점
2023. 9. 24.(일) 12:00



메타버스 플랫폼 활용해
 도로명주소 초등교육 교재 개발 보급
 - 학생이 직접 도로, 건물 등 도시 건설하고 도로명주소 등 주소정보 부여

 - 교사는 메타버스를 통해 학습 과정을 확인하고 학생과 직접 소통

 - 9월 25일 교육프로그램 시연회 개최, 2024년 3월부터 시범운영 


□ 초등학생들이 직접 가상공간에서 도로, 건물, 시설물 등 도시를 건설하고, 도로명주소 등을 부여할 수 있는 ‘메타버스 플랫폼’이 개발돼 도로명주소에 대한 교육 효율성이 향상될 전망이다.

□ 행정안전부(장관 이상민)는 KT융합기술원(AI2XL연구소)과 협업하여 ‘지니버스*’를 활용한 도로명주소 관련 초등교육 교재를 개발했다고 밝혔다.
   * 구글 플레이스토어와 애플 앱스토어에서 '지니버스' 앱(애플리케이션)을 설치하면 이용
 ○ 도시와 건물 구조가 복잡해진 현대사회에서 위치를 찾거나 알려주기가 쉽지 않은 상황에서 주소를 이용해 위치를 찾고 알려주는 방법을 초등학생 단계부터 습득하는 것이 매우 중요하다. 
 ○ 또한, 안전사고 발생 시 소방?경찰에 정확한 위치를 알려줄 수 있어야 한다.
 ○ 도로명주소를 사용하는 외국(미국, 프랑스 등)의 경우, 주소에 대한 교육을 학년별 수준에 맞도록 교과서에 반영하고 주소를 이용해 위치를 찾는 교육을 실시하고 있다.
 ○ 우리나라도 2014년 도로명주소 전면 사용 이후, 초등교과 과정에 도로명주소 교육이 포함되었으나 홍보 동영상 시청, 지자체 공무원 방문 등으로 운영되고 있어 보다 효과적인 교육의 필요성이 제기되어 왔다. 

□ 행정안전부는 메타버스 플랫폼을 활용하여 가상세계에 도로명주소?사물주소 등 주소정보와 관련한 실습형 교육 공간을 통해 구축하고 총 4차시 과정의 교재를 개발했다. 
 ○ 교재는?도로 유형(대로, 로, 길)별 도로 건설 및 건물 건축, ?도로 연장을 위한 곡선도로 및 교차로 설치, ?건물 유형별 건물번호판, ?도로 방향용 도로명판 등 실생활에서 사용하는 도로명주소의 사용법 중심으로 개발됐다. 
□ 주요 초등 교육내용은 다음과 같다.
 ○ 학생이 직접 도시를 건설한 후, 도로마다 도로명을 부여하고 도로명판을 도로의 시·종점 등에 설치하고 20m마다 체계적인 건물번호 부여와 건물번호판을 부착할 수 있도록 하여 관심도를 높였다. 
 ○ 실습과제와 퀴즈를 통해 학생의 학습 이해도를 확인하고, 교사와 학생 간의 소통이 가능하도록 했다.

□ 행정안전부는 이번에 개발한 교육용 교재를 적용하여 2024년 3월부터는 세종시 초등학교에서 시범 교육을 실시할 예정이며, 그 결과를 반영해 전국으로 확산할 계획이다.
 ○ 개발된 교재는 지니버스를 통해 누구나 무료로 이용할 수 있도록 공개할 예정이다. 

□ 한편, 행정안전부는 9월 25일, 관계기관(세종교육청)과 전문가 등과 함께 시연회를 개최하고 교재 개발 프로그램에 관해 논의한다. 

□ 행정안전부는 KT융합기술원과 함께 교사의 교육 부담 해소를 위해 도로명주소의 부여 원리 등을 인공 지능(AI) NPC(컴퓨터가 조정하는 캐릭터 : Non Player Character)가 직접 설명하는 기능도 추가로 구축할 계획이다.

□ 구만섭 행정안전부 차관보는 “가상공간인 메타버스와 인공지능을 활용한 실습형 교육을 초등교육에 제공함으로써 교육 효과의 향상이 기대된다”라며, “주소를 기반으로 하는 생활 안전 체계 구축이 활발히 진행되는 만큼 정부가 체계적인 주소정보 교육을 통해 어린이 안전을 확보해 나가는데 노력하겠다.”라고 밝혔다.

담당 부서
균형발전지원국
책임자
과  장 
송정아
(044-205-3551)

주소생활공간과
담당자
서기관
안채명
(044-205-3553)


     


참고

 지니버스 활용 도로명주소 교육 주요 내용

□ 학습공간 이미지





□ 학습내용 이미지











"
서울특별시,"






2023. 7. 10.(월) 조간용

이 보도자료는 2023년 7월 9일 오전 11:15부터 보도할 수 있습니다.



보도자료







담당부서 :
디지털정책관 공간정보담당관
공간정보담당관
서미연
02-2133-2830



공간정보기획팀장
이봉주
02-2133-2832



담 당 자
송기성
02-2133-2834


서울디지털재단 메타시티팀
혁신사업본부장
한태환
02-570-4613



메타시티팀장(겸직)
한태환
02-570-4613


담당자
사업운영
김종호
02-570-4654
사진없음 □
사진있음 ▣
쪽수 : 6쪽  
언론홍보
유채란
02-570-4625







서울시 고정밀 공간정보 활용 신산업 혁신모델 발굴 본격화…디지털 트윈랩 개소
- 고정밀 공간정보를 활용한 혁신 새싹기업(스타트업) 지원 위한 오프라인 공간 개소
- 온라인 디지털트윈 실험공간(에스맵 오픈랩)에서는 다양한 공간정보 활용 혁신사례 소개
- 디지털트윈 콘텐츠 제작 지원 등 혁신기술 발굴 위한 맞춤형 후속 지원 예정


□ 서울시와 서울디지털재단은 고정밀 공간정보를 활용해 확장가상세계(메타버스), 인공지능, 자율주행 등 신산업 혁신기술을 개발할 수 있는 오프라인 거점인??디지털 트윈랩??을 10일(월) 공식 개소한다고 밝혔다.

□ 시는 지난 1월부터 첨단 디지털트윈 기술을 활용하여 △학생 △전문연구자 △민간기업(새싹기업 등)이 보유하고 있는 신기술을 자유롭게 실험하고 실증할 수 있는 온라인 거점인 ??에스맵 오픈랩??을 오픈하여 운영 중이다.
  ○ 실험실에서는 스마트서울맵, 열린데이터광장 등 시에서 보유하고 있는 디지털 공간정보 300여 종을 별도 가공 작업 없이 손쉽게 활용 가능
  ○ 다만, 정확한 데이터 분석결과를 위해 필요한 고정밀 공개제한 공간정보는 국가안보 등의 이유로 보안심사를 거친 기업만 활용할 수 있는 등 자유로운 이용이 제한된다는 한계 직면


□ 이러한 한계에 대응하기 위해 서울디지털재단은 공개제한 공간정보를 활용할 수 있는 오프라인 거점을 개소했다. 서울스마트시티센터에 데이터 안심구역 ??디지털 트윈랩??을 구축하고, 많은 기업이 혁신기술을 개발할 수 있는 여유 공간도 함께 운영한다는 방침이다.
  ○ 디지털 트윈랩은 서울시 공개, 공개제한 공간정보 370여 종(공개 203종, 공개제한 168종)을 보유하고 있으며, 트윈랩에서 볼 수 있는 공개제한 공간정보는 3D 건물, 드론 정사영상 등이 있음
  ○ 트윈랩에는 공간정보 분석용 고성능 컴퓨터에 기본 소프트웨어를 구비해두었으며 향후 이용자 수요에 따라 분석 소프트웨어를 확대 도입 예정
  ○ 서울스마트시티센터 누리집(http://smartcitycenter.sdf.seoul.kr) 사전예약 통해 방문이 가능하며, 방문객은 간단한 보안절차를 거쳐 데이터를 열람하고, 활용 콘텐츠를 시뮬레이션 가능
  ○ 트윈랩은 서울디지털재단이 운영하는 서울스마트시티센터에 위치해있으며, 서울스마트시티센터는 디지털재단 본사 건물인 상암동 에스플렉스센터 8층에 있다. (서울특별시 마포구 매봉산로31 에스플렉스센터 스마티움 8층)

□ 디지털 트윈랩에서 열람한 공개제한 공간정보의 반출이 필요한 민간기업은 서울시에 보안심사를 신청하고, 심사결과에 따라 데이터를 반출할 수 있다.  트윈랩에서 미보유하고 있는 공간정보 데이터가 필요하다면, 재단을 통해 요청할 수 있다.
  ○ 서울시와 서울디지털재단은 협력을 통해 기존 고품질 공간정보를 활용하지 못했던 민간기업의 데이터 접근성을 높일 수 있도록 추가 데이터를 지속 이관·적용 예정

□ 이후 서울시와 재단은 디지털 트윈랩 운영사업의 일환으로 디지털트윈 콘텐츠 제작지원 사업, 공간정보 활용 콘텐츠 공모전, 공간정보 특강 등을 운영할 예정이며, 연내 트윈랩 보유 데이터 활용 가이드북을 제작해 활용도를 제고할 계획이다.
  ○ 디지털트윈 콘텐츠 제작지원 사업의 경우, 서울시 자치구·산하기관에서 접수된 수요에 근거한 개발지원사업(콘텐츠 1식당 2,500만원 지원)
  ○ 디지털 트윈랩 운영사업을 통해 제작되는 콘텐츠, 행정지도, 공모작 등은 서울시 ‘에스맵 오픈랩(S-Map 오픈랩)’에 게시 예정

□ 서울디지털재단 강요식 이사장은 “이번에 개소하는 ‘디지털 트윈랩’은 민간기업이 그동안 외부에서 확보할 수 없었던 고품질 공간정보를 직접 눈으로 확인하고, 혁신서비스를 발굴할 수 있는 최초의 공간이며, 스타트업·연구자·시민에게 사랑 받는 곳으로 조성해 나갈 것”이라 밝혔다.

□ 김진만 서울시 디지털정책관은 “서울시는 적극적으로 공공데이터 개방에 앞장서고 있으나, 공개제한 등급으로 분류된 고품질 공간정보는 여전히 민간기업이 자유롭게 활용하기 어려운 환경”이라며, “‘디지털 트윈랩을 통해 이러한 한계가 개선될 것” 이라고 말했다. 


【붙임】 
   1. 서울스마트시티센터 디지털 트윈랩 사진
   2. 온라인 디지털 실험공간 ‘에스맵 오픈랩’ 화면
   3. 디지털 트윈랩 보유 공개제한 공간정보 리스트

붙임1

 서울스마트시티센터 디지털트윈랩 사진


디지털 트윈랩 공간정보 활용 콘텐츠 ? 광화문 광장 AR서비스 모형


디지털 트윈랩 공간정보 데이터 분석존


붙임2

  온라인 디지털 실험공간 ‘S-Map 오픈랩’화면



오픈랩 활용갤러리 메인화면


공간정보를 활용한 시민콘텐츠 보기화면


연번
자료구분
생산년도
공간정보
자료형태
1
공개제한
2019
3D 건물(실외-타일맵)
기타
2
공개제한
2019
3D 건물(실내-GLTF)
기타
3
공개제한
2020
3D 건물(실외-타일맵)
기타
4
공개제한
2020
3D 건물(실내-GLTF)
기타
5
공개제한
2019
3D 건물(실외-3DS)
기타
6
공개제한
2019
DEM(1m급)
기타
7
공개제한
2019
DSM
point
8
공개제한
2020
3D 건물(실외-OBJ)
기타
9
공개제한
2020
DEM(1m급)
기타
10
공개제한
2020
DSM
point
11
공개제한
2020
항공라이다_강북(LAS)
point
12
공개제한
2020
3D 건물(실외LOD0-gml)
기타
13
공개제한
2020
3D 건물(실외LOD1-gml)
기타
14
공개제한
2020
3D 건물(실외LOD2-gml)
기타
15
공개제한
2020
3D 건물(실외LOD3-gml)
기타
16
공개제한
2013
3D건물(실내)
GPL, JPG
17
공개제한
2014
3D건물(실내)
GPL, JPG
18
공개제한
2015
3D건물(실내)
GPL, JPG
19
공개제한
2016
3D건물(실내)
GPL, JPG
20
공개제한
2017
3D건물(실내)
GPL, JPG
21
공개제한
2018
3D건물(실내)
GPL, JPG
22
공개제한
2019
3D건물(실내)
SKP, JPG
23
공개제한
2020
3D건물(실내)
SKP, Gitf, SHP
24
공개제한
2021
3D건물(실내)
SKP, Gitf, SHP, GML
25
공개제한
2020
S-Map Building 3D-Tile
OBJ
26
공개제한
2020
S-Map LOD2-Tile
OBJ
27
공개제한(드론)
2018
0922_청담대교
정사영상
28
공개제한(드론)
2020
1006_16_창동철교
3DS, OBJ, DSM/
DTM, 정사영상
29
공개제한(드론)
2020
1015_7_반포동육교
3DS, OBJ, DSM/
DTM, 정사영상
30
공개제한(드론)
2020
1110_01. 한양도성
3DS, OBJ, DSM/
DTM, 정사영상
31
공개제한(드론)
2020
1110_03. 돈의문 박물관
정사영상
32
공개제한(드론)
2018
1119_서울시립미술관
DSM/DTM, 정사영상
33
공개제한(드론)
2016
DMC첨단산업센터(녹색에너지과)
DSM/DTM, 정사영상
34
공개제한(드론)
2019
감초마을
DSM/DTM, 정사영상
35
공개제한(드론)
2020
강동대교
3DS, OBJ, DSM/
DTM, 정사영상
36
공개제한(드론)
2019
강동일반산업단지
정사영상
37
공개제한(드론)
2021
경부고속도로
정사영상
38
공개제한(드론)
2021
경춘선숲길
OBJ, 정사영상
39
공개제한(드론)
2021
경춘철교
3DS, OBJ, DSM/
DTM, 정사영상
40
공개제한(드론)
2019
고덕주공2단지
DSM/DTM, 정사영상
41
공개제한(드론)
2019
고척스카이돔
DSM/DTM, 정사영상
42
공개제한(드론)
2021
관악IC
3DS, OBJ, DSM/
DTM, 정사영상
43
공개제한(드론)
2021
광명대교
3DS, OBJ, DSM/
DTM, 정사영상
44
공개제한(드론)
2021
광운대역육교
3DS, OBJ, DSM/
DTM, 정사영상
45
공개제한(드론)
2019
광진교
3DS, OBJ, DSM/
DTM, 정사영상
46
공개제한(드론)
2022
구로역 연결 보도육교
3DS, OBJ, DSM/
DTM, 정사영상
47
공개제한(드론)
2018
구룡마을
DSM/DTM, 정사영상
48
공개제한(드론)
2022
구일역 앞 일대
3DS, OBJ, DSM/
DTM, 정사영상
49
공개제한(드론)
2021
구일역보도육교
3DS, OBJ, DSM/
DTM, 정사영상
50
공개제한(드론)
2018
군자차량기지
DSM/DTM
51
공개제한(드론)
2022
금남시장
DSM/DTM, 정사영상
52
공개제한(드론)
2021
금천교
3DS, OBJ, 정사영상
53
공개제한(드론)
2019
금하마을
DSM/DTM, 정사영상
54
공개제한(드론)
2016
낙원상가(역사도심재생과)
DSM/DTM, 정사영상
55
공개제한(드론)
2019
난지미술창작스튜디오
DSM/DTM, 정사영상
56
공개제한(드론)
2019
남부기술교육원
DSM/DTM, 정사영상
57
공개제한(드론)
2016
남부여성발전센터(녹색에너지과)
DSM/DTM, 정사영상
58
공개제한(드론)
2016
남부여성센터
정사영상
59
공개제한(드론)
2021
내곡동비탈면
DSM/DTM, 정사영상
60
공개제한(드론)
2021
내부순환로
3DS, OBJ, DSM/
DTM, 정사영상
61
공개제한(드론)
2016
노들섬(공공개발센터)
DSM/DTM, 정사영상
62
공개제한(드론)
2021
노들섬육교
3DS, OBJ, DSM/
DTM, 정사영상
63
공개제한(드론)
2016
노량진(공공개발센터)
DSM/DTM, 정사영상
64
공개제한(드론)
2018
노원열병합발전소
DSM/DTM, 정사영상
65
공개제한(드론)
2022
당산-샛강 보행육교
3DS, OBJ, DSM/
DTM, 정사영상
66
공개제한(드론)
2016
당인리 발전소(공공개발센터)
DSM/DTM, 정사영상
67
공개제한(드론)
2020
대도보도육교
3DS, OBJ, DSM/
DTM, 정사영상
68
공개제한(드론)
2020
대신동육교
3DS, OBJ, DSM/
DTM, 정사영상
69
공개제한(드론)
2020
도곡동육교
3DS, OBJ, DSM/
DTM, 정사영상
70
공개제한(드론)
2022
도봉-창포원 전망육교
3DS, OBJ, DSM/
DTM, 정사영상
71
공개제한(드론)
2022
독산동-안양천 진입보행로
3DS, OBJ, DSM/
DTM, 정사영상
72
공개제한(드론)
2021
동부간선도로
3DS, OBJ, DSM/
DTM, 정사영상
73
공개제한(드론)
2021
동부간선육교
3DS, OBJ, DSM/
DTM, 정사영상
74
공개제한(드론)
2019
동부기술교육원
DSM/DTM, 정사영상
75
공개제한(드론)
2021
동작구 전역
정사영상
76
공개제한(드론)
2022
뚝도청춘시장
DSM/DTM, 정사영상
77
공개제한(드론)
2020
마장동육교
3DS, OBJ, DSM/
DTM, 정사영상
78
공개제한(드론)
2019
목동열병합발전소
DSM/DTM, 정사영상
79
공개제한(드론)
2022
무악재 하늘다리
3DS, OBJ, DSM/
DTM, 정사영상
80
공개제한(드론)
2022
문래동-안양천 진입보행로
3DS, OBJ, DSM/
DTM, 정사영상
81
공개제한(드론)
2018
밤섬
정사영상
82
공개제한(드론)
2019
방이동고분군
DSM/DTM, 정사영상
83
공개제한(드론)
2019
별자리광장
DSM/DTM, 정사영상
84
공개제한(드론)
2019
봉천12-2구역
DSM/DTM, 정사영상
85
공개제한(드론)
2019
북부기술교육원
DSM/DTM, 정사영상
86
공개제한(드론)
2022
북악스카이웨이1교
3DS, OBJ, DSM/
DTM, 정사영상
87
공개제한(드론)
2022
북악스카이웨이3교
3DS, OBJ, DSM/
DTM, 정사영상
88
공개제한(드론)
2020
사근동육교
3DS, OBJ, DSM/
DTM, 정사영상
89
공개제한(드론)
2021
상도교
3DS, OBJ, DSM/
DTM, 정사영상
90
공개제한(드론)
2018
상도동 244
정사영상
91
공개제한(드론)
2018
상일동 404
정사영상
92
공개제한(드론)
2021
서강대교남단
3DS, OBJ, DSM/
DTM, 정사영상
93
공개제한(드론)
2022
서강하늘다리
3DS, OBJ, DSM/
DTM, 정사영상
94
공개제한(드론)
2020
서울대공원
DSM/DTM, 정사영상
95
공개제한(드론)
2019
서울도시건축센터
DSM/DTM, 정사영상
96
공개제한(드론)
2018
서울로
정사영상
97
공개제한(드론)
2021
서울봉헌초등학교앞육교
3DS, OBJ, DSM/
DTM, 정사영상
98
공개제한(드론)
2021
서울숲육교
3DS, OBJ, DSM/
DTM, 정사영상
99
공개제한(드론)
2019
서울시립남서울미술관
DSM/DTM, 정사영상
100
공개제한(드론)
2022
서울시립미술아카이브
DSM/DTM, 정사영상
101
공개제한(드론)
2019
서울식물원
DSM/DTM, 정사영상
102
공개제한(드론)
2021
서울식물원 한강전망데크
3DS, OBJ, DSM/
DTM, 정사영상
103
공개제한(드론)
2022
서울특별시소방학교
DSM/DTM, 정사영상
104
공개제한(드론)
2020
서초동육교
3DS, OBJ, DSM/
DTM, 정사영상
105
공개제한(드론)
2019
서초성뒤마을
정사영상
106
공개제한(드론)
2021
석수역앞육교
3DS, OBJ, DSM/
DTM, 정사영상
107
공개제한(드론)
2019
석촌동고분군
DSM/DTM, 정사영상
108
공개제한(드론)
2020
선유도
DSM/DTM, 정사영상
109
공개제한(드론)
2022
성북동 산 14-24~25
DSM/DTM, 정사영상
110
공개제한(드론)
2021
성수구름다리
정사영상
111
공개제한(드론)
2016
성수동(공공개발센터)
DSM/DTM, 정사영상
112
공개제한(드론)
2022
세곡교
3DS, OBJ, DSM/
DTM, 정사영상
113
공개제한(드론)
2018
세운상가
DSM/DTM, 정사영상
114
공개제한(드론)
2021
센트럴시티보도육교
3DS, OBJ, DSM/
DTM, 정사영상
115
공개제한(드론)
2021
수락육교
3DS, OBJ, DSM/
DTM, 정사영상
116
공개제한(드론)
2021
수락초교앞육교
3DS, OBJ, DSM/
DTM, 정사영상
117
공개제한(드론)
2020
수서동육교
3DS, OBJ, DSM/
DTM, 정사영상
118
공개제한(드론)
2018
수서차량기지
DSM/DTM, 정사영상
119
공개제한(드론)
2021
신내IC
3D모델(3ds), 정사영상
120
공개제한(드론)
2016
신당동(공공개발센터)
DSM/DTM, 정사영상
121
공개제한(드론)
2020
신암보도육교
3DS, OBJ, DSM/
DTM, 정사영상
122
공개제한(드론)
2022
신영삼거리 육교
3DS, OBJ, DSM/
DTM, 정사영상
123
공개제한(드론)
2016
아현뉴타운
DSM/DTM, 정사영상
124
공개제한(드론)
2021
안양천구로연결통로
3DS, OBJ, DSM/
DTM, 정사영상
125
공개제한(드론)
2016
암사대교
3DS, OBJ, DSM/
DTM, 정사영상
126
공개제한(드론)
2021
양재IC
3DS, OBJ, DSM/
DTM, 정사영상
127
공개제한(드론)
2020
양재동육교
3DS, OBJ, DSM/
DTM, 정사영상
128
공개제한(드론)
2019
양재천우안도로
정사영상
129
공개제한(드론)
2022
양평유수지생태공원
3DS, OBJ, DSM/
DTM, 정사영상
130
공개제한(드론)
2021
양화대교
3DS, OBJ, DSM/
DTM, 정사영상
131
공개제한(드론)
2020
양화동육교
3DS, OBJ, DSM/
DTM, 정사영상
132
공개제한(드론)
2021
어린이병원
OBJ, DSM/DTM, 정사영상
133
공개제한(드론)
2016
여의도(공공개발센터)
DSM/DTM, 정사영상
134
공개제한(드론)
2020
염곡동육교
3DS, OBJ, DSM/
DTM, 정사영상
135
공개제한(드론)
2021
영등포공공택지지구
OBJ, DSM/DTM, 정사영상
136
공개제한(드론)
2021
영등포구 전역
정사영상
137
공개제한(드론)
2016
왕십리뉴타운(공간정보담당관)
정사영상
138
공개제한(드론)
2021
용비교
3DS, OBJ, DSM/
DTM, 정사영상
139
공개제한(드론)
2021
월곡역입구앞육교
3DS, OBJ, DSM/
DTM, 정사영상
140
공개제한(드론)
2018
월드컵공원
DSM/DTM, 정사영상
141
공개제한(드론)
2018
월드컵공원(정사영상)
정사영상
142
공개제한(드론)
2021
월드컵대교
3DS, OBJ, DSM/
DTM, 정사영상
143
공개제한(드론)
2021
월릉교남측
3DS, OBJ, DSM/
DTM, 정사영상
144
공개제한(드론)
2020
은평한옥마을
DSM/DTM, 정사영상
145
공개제한(드론)
2021
응봉교
3DS, OBJ, DSM/
DTM, 정사영상
146
공개제한(드론)
2018
인재개발원
정사영상
147
공개제한(드론)
2020
일원동육교(삼성)
3DS, OBJ, DSM/
DTM, 정사영상
148
공개제한(드론)
2020
일원동육교(탄천)
3DS, OBJ, DSM/
DTM, 정사영상
149
공개제한(드론)
2022
자벌레서울생각마루
3DS, OBJ, DSM/
DTM, 정사영상
150
공개제한(드론)
2016
잠실(동남권 지역발전본부)
DSM/DTM, 정사영상
151
공개제한(드론)
2022
잠실운동장 올림픽주경기장
DSM/DTM, 정사영상
152
공개제한(드론)
2021
중랑IC
3DS, OBJ, DSM/
DTM, 정사영상
153
공개제한(드론)
2022
중랑공영차고지
DSM/DTM, 정사영상
154
공개제한(드론)
2019
중랑물재생센터
DSM/DTM, 정사영상
155
공개제한(드론)
2021
중랑천묵동계단
3DS, OBJ, DSM/
DTM, 정사영상
156
공개제한(드론)
2021
중랑천상계연결통로
3DS, OBJ, DSM/
DTM, 정사영상
157
공개제한(드론)
2021
중랑천월계진출입로
3DS, OBJ, DSM/
DTM, 정사영상
158
공개제한(드론)
2019
중부기술교육원
DSM/DTM, 정사영상
159
공개제한(드론)
2016
창동상계(도시계획과, 동북권 지역발전본부)
DSM/DTM, 정사영상
160
공개제한(드론)
2020
천호대교
DSM/DTM, 정사영상
161
공개제한(드론)
2021
철산교
3DS, OBJ, DSM/
DTM, 정사영상
162
공개제한(드론)
2018
청담대교(정사영상)
정사영상
163
공개제한(드론)
2022
칠성아파트 앞 육교
3DS, OBJ, DSM/
DTM, 정사영상
164
공개제한(드론)
2018
평창동 산복도로(비오톱)
정사영상
165
공개제한(드론)
2019
품질시험소
OBJ, 정사영상
166
공개제한(드론)
2019
풍납토성
DSM/DTM, 정사영상
167
공개제한(드론)
2020
행당동육교
3DS, OBJ, DSM/
DTM, 정사영상
168
공개제한(드론)
2019
헌릉로
DSM/DTM, 정사영상

붙임3

 디지털 트윈랩 보유 공개제한 공간정보 리스트 (리스트 사진활용x,참고용)




"
서울특별시,"






2023. 9. 21.(목) 조간용

이 보도자료는 2023년 9월 20일 오전 11:15부터 보도할 수 있습니다.



보도자료







담당부서 :
디지털정책관 공간정보담당관
공간정보담당관
서미연
02-2133-2830



공간정보기획팀장
이봉주
02-2133-2832



담 당 자
송기성
02-2133-2834




김선화
02-2133-2837


관련 홈페이지
http://mediahub.seoul.go.kr
(내손안에서울)→ <공모전>
사진없음 □
사진있음 ▣
쪽수 : 6쪽  







서울시, 디지털 공간정보 분석기술로 도시문제 해결 방안을 찾는 공모전 개최
 - ?2023 디지털 공간정보 활용 공모전? 10월 2일부터 10월 6일까지 온라인 참가신청
 - 공간정보를 활용하여 생활 속 도시문제와 해결방안을 찾고 디지털 지도로 제작 
 - 총상금 800만 원, 7개 팀 선정… 학생, 전문가, 기업 등 국민 누구나 참여 가능
 - 우수 수상작은 시 정책 반영 검토, ‘에스맵 열린실험실’ 통해 전시 및 홍보 지원








□ 서울시는 디지털 공간정보 분석기술을 활용하여 안전, 복지, 환경, 교통 등 도시문제 해결방안을 찾는 ?2023 디지털 공간정보 활용 공모전?을 개최하고, 10월 2일(월)부터 참가 신청을 받는다고 밝혔다.
  ○ ‘디지털 공간정보’는 서울시의 모습을 그대로 재현한 3차원 건축물, 지형(수치표고모델), 수치지형도 데이터 등으로 현재 에스맵(S-Map)을 통해 서비스되고 있다. 

□ 디지털지도 제작에 관심 있는 전국의 학생, 대학생, 대학원생, 일반인 누구나 신청이 가능하며, 개인 또는 단체(5명 이하)로 참가할 수 있다. 

  ○ 공모전 참가팀은 서울시가 보유한 디지털 공간정보와 안전?복지?환경 등 공공데이터를 이용해서 정책결정에 활용 가능한 디지털지도를 제작하여 ‘에스맵 열린실험실’에 11월 3일(금)까지 등록하면 된다. 

□ ?2022 디지털 공간정보 활용 공모전?에서는 총 54개팀이 참여하였으며, 반지하 침수 위험 예측지도, UAM 터미널 입지지도, 미세먼지 배출원 탐색지도, 어린이 보행안전 평가지도 등 9개 디지털 지도가 우수작으로 선정된 바 있다.

□ 특히, 시는 기존 공모전과 차별화되는 활용 모델을 발굴한다는 목표로 주제에 꼭 필요하고 인정되는 경우 일반에게 제한적으로 공개됐던 공간정보도 제공할 계획이다. 
  ○ 시는 공모전 참여자들이 보다 쉽게 데이터를 활용할 수 있도록 공간정보 및 공간정보와 연계 가능한 공공정보 총 262종을 목록으로 제공하고, 에스맵 열린실험실에서 데이터 연계 서비스를 제공하는 등 데이터 활용을 적극 지원할 예정이다. 

□ 공모전은 예선(서류심사)과 본선(발표심사) 총 2단계 심사를 거쳐 총 7개 수상팀을 선정하며, 수상팀에게는 서울특별시장상과 함께 ?대상 상금 300만 원(1팀) ?우수상 150만 원(2팀) ?우수상 50만 원(4팀)이 수여된다.

□ 우수 수상작은 서울시 정책에 활용할 수 있도록 ‘에스맵 열린실험실’을 통해 디지털 지도로 전시되며, 11월 마지막주에 개최되는 ‘서울지오위크(Seoul Geo-Week)’에서 발표 기회도 주어진다. 
  ○  ‘서울지오위크(Seoul Geo-Week)’는 국제 공간정보 공개소프트웨어 교류행사인 ‘FOSS4G Asia Seoul 2023 대회’와 서울 도시공간정보포럼, 대한공간정보학회 학술대회, 유엔 해비타트, 유엔 OPEN GIS 워크숍 등 공간정보 관련한 다채로운 행사가 함께 열리는 주간으로 유엔, OSGeo 기관 등을 비롯한 전세계 3백여명의 전문가, 학생들이 방문할 예정이다.

□ 신청은 ‘내 손안에 서울’ 누리집과 ‘에스맵’ 누리집을 통해 10.2.(월)~10.6.(금)까지 온라인 신청서를 제출하면 된다. 
 ○ 공모신청에 필요한 서류양식은 공모전 홈페이지 ‘내 손안에 서울’ (https://mediahub.seoul.go.kr)에서 다운로드 받을 수 있으며, 심사일정, 심사결과 및 당선작 등 관련 사항은 추후 ‘에스맵’ 누리집을 통해 공개될 예정이다. 

□ 김진만 서울시 디지털정책관은 “작년 공모전을 통해 디지털 공간정보가 시민들의 안전과 편의를 향상시킬 수 있는 중요한 정보임을 확인한 만큼, 이번 공모전에 대한 기대감이 크다”며 “올해도 기업, 학생, 전문가 등 많은 분들의 관심과 참여로 다양한 활용모델이 발굴되길 바란다”라고 말했다. 

붙임 1. 「2023 서울시 디지털 공간정보 공모전」 포스터 1부. 
     2.  전년도 주요 수상작 소개자료 1부. 끝.

붙임 1 

 공모전 포스터 



붙임 2 

 전년도 주요 수상작 소개자료











"
서울특별시,"

2023. 9. 11.(월) 석간용

이 보도자료는 2023년 9월 11일 오전 06:00부터 보도할 수 있습니다.



     보도자료







담당 부서 :
디지털정책관 빅데이터담당관
빅데이터담당관
윤충식
02-2133-4260

빅데이터개방팀장
고옥희
02-2133-4293

사진없음 □
사진있음 ▣
쪽수 : 4쪽
관련 누리집
(메뉴)
https://bigdata.seoul.go.kr
<이용자 지원> → <공지사항>







서울시 빅데이터캠퍼스 공모전 개최, 빅데이터 활용으로 사회혁신 동참
 - ?2023 서울시 빅데이터캠퍼스 공모전? 9.11~11.3…전 국민 누구나 참여 가능
 - 빅데이터캠퍼스 핵심 107종 데이터 활용, 사업모델 개발·사회문제 해결방안 도출
 - 10개 팀 선정 총 상금 900만 원 수여, 빅데이터 기반 공공정책 서울시 제안 기회


□ 서울시는 사회 전반에 빅데이터 분석 및 활용을 촉진하고 빅데이터캠퍼스를 더욱 활성화하여 데이터 기반의 사회혁신을 이끌어내고자 ‘2023년 빅데이터캠퍼스 공모전’을 개최한다.
  ○ ‘빅데이터캠퍼스’는 서울시가 2013년부터 수집한 민간·공공데이터를 민·관·산·학이 자유롭게 공유·분석·활용할 수 있도록 지원하는 오프라인 공간이다.
  ○ ‘빅데이터캠퍼스 공모전’은 시민들이 마음껏 분석역량을 발휘할 수 있도록 기회의 장을 제공함으로써 빅데이터캠퍼스의 이용을 활성화하고, 데이터에 기반한 과학 행정과 사회혁신 기반을 조성하기 위한 장이다.
□ 이번 공모전은 빅데이터캠퍼스의 데이터 및 개방된 데이터를 활용하여 비즈니스 모델 개발, 도시문제 해결 및 공공 이익?발전에 기여할 수 있는 자유주제로 진행되며, 빅데이터에 관심 있는 전 국민 누구나 참여할 수 있다.
  ○ 참가자는 서울시 업종별 카드 매출 데이터, 대중교통 승하차 데이터, 서울시 내국인 생활이동 데이터, 유동인구 데이터 등 서울시 ‘빅데이터캠퍼스’가 보유한 빅데이터를 활용·분석해 자신의 창의적인 아이디어와 능력을 발휘하여 주제에 맞는 해결책을 제시할 수 있다. 
  ○ 또한, 수상작품은 서울시가 추진하는 정책 기초자료로도 활용된다. 활용 사례로 서울시 그늘막 설치 적합지역 분석, 서울시 자전거 이동경로 분석, 전기차 급속 충전소 입지 추천 등이 있다.

□ 공모전 참가 신청서 접수는 9월 11일(월)부터 11월 3일(금)까지 진행될 예정이며, 공모전 신청 양식은 서울시 빅데이터캠퍼스 누리집(https://bigdata.seoul.go.kr)에서 다운로드 받을 수 있다.
  ○ 공모전 심사일정, 심사결과 및 수상작 등 관련 사항은 빅데이터캠퍼스 누리집을 통해 확인할 수 있다.

□ 공모전 심사는 총 2단계에 걸쳐 진행된다. 예선(1차)은 서면 평가를 통해 10개 팀을 선정하고, 본선(2차)은 현장 발표 평가로 컨퍼런스를 통해 최종 심사와 시상이 있을 예정이다.
  ○ 예선(1차)에서 선발된 10개 팀은 멘토링위크에서 빅데이터 전문가로 구성된 멘토단과 함께 공모전 작품을 추가·보완할 시간을 갖는다.
  ○ 본선(2차) 심사는 11월에 개최될 예정인 ‘빅데이터캠퍼스 컨퍼런스’에서 진행하며 모든 본선 진출팀에게 발표 기회가 주어진다.

□ 시상으로 10개 팀에게 서울특별시장상과 함께 총 900만원의 상금이 지급된다. 이를 통해 서울시는 빅데이터 분석과 활용에 기여한 우수한 참가자들을 격려하고 지원하며, 빅데이터의 잠재력을 활용한 사회적 혁신을 선도하고자 한다.

구분
팀 수
시상내역
대    상
1
서울특별시장상 및 300만 원
최우수상
3
서울특별시장상 및 각 100만 원
우 수 상
6
서울특별시장상 및 각 50만 원


□ 김진만 서울시 디지털정책관은 “이번 공모전을 통해 빅데이터 전문가를 꿈꾸는 시민들에게 빅데이터 분석 역량을 마음껏 발휘할 수 있는 기회의 장이 되길 바라며, 빅데이터의 무한한 잠재력을 발휘하여 도시 문제에 대한 새로운 시각을 제공하고 서울의 미래를 형성하는데 기여하기를 기대한다.”며 “미래 빅데이터 분석 전문가를 꿈꾸는 시민 여러분의 많은 관심과 참여를 바란다”고 말했다.

붙임  공모전 포스터.



참고자료
 빅데이터캠퍼스 공모전 포스터


"
서울특별시,"






2023. 7. 10.(월) 조간용

이 보도자료는 2023년 7월 9일 오전 11:15부터 보도할 수 있습니다.



보도자료







담당부서 :
디지털정책관 공간정보담당관
공간정보담당관
서미연
02-2133-2830



공간정보기획팀장
이봉주
02-2133-2832



담 당 자
송기성
02-2133-2834


서울디지털재단 메타시티팀
혁신사업본부장
한태환
02-570-4613



메타시티팀장(겸직)
한태환
02-570-4613


담당자
사업운영
김종호
02-570-4654
사진없음 □
사진있음 ▣
쪽수 : 6쪽  
언론홍보
유채란
02-570-4625







서울시 고정밀 공간정보 활용 신산업 혁신모델 발굴 본격화…디지털 트윈랩 개소
- 고정밀 공간정보를 활용한 혁신 새싹기업(스타트업) 지원 위한 오프라인 공간 개소
- 온라인 디지털트윈 실험공간(에스맵 오픈랩)에서는 다양한 공간정보 활용 혁신사례 소개
- 디지털트윈 콘텐츠 제작 지원 등 혁신기술 발굴 위한 맞춤형 후속 지원 예정


□ 서울시와 서울디지털재단은 고정밀 공간정보를 활용해 확장가상세계(메타버스), 인공지능, 자율주행 등 신산업 혁신기술을 개발할 수 있는 오프라인 거점인??디지털 트윈랩??을 10일(월) 공식 개소한다고 밝혔다.

□ 시는 지난 1월부터 첨단 디지털트윈 기술을 활용하여 △학생 △전문연구자 △민간기업(새싹기업 등)이 보유하고 있는 신기술을 자유롭게 실험하고 실증할 수 있는 온라인 거점인 ??에스맵 오픈랩??을 오픈하여 운영 중이다.
  ○ 실험실에서는 스마트서울맵, 열린데이터광장 등 시에서 보유하고 있는 디지털 공간정보 300여 종을 별도 가공 작업 없이 손쉽게 활용 가능
  ○ 다만, 정확한 데이터 분석결과를 위해 필요한 고정밀 공개제한 공간정보는 국가안보 등의 이유로 보안심사를 거친 기업만 활용할 수 있는 등 자유로운 이용이 제한된다는 한계 직면


□ 이러한 한계에 대응하기 위해 서울디지털재단은 공개제한 공간정보를 활용할 수 있는 오프라인 거점을 개소했다. 서울스마트시티센터에 데이터 안심구역 ??디지털 트윈랩??을 구축하고, 많은 기업이 혁신기술을 개발할 수 있는 여유 공간도 함께 운영한다는 방침이다.
  ○ 디지털 트윈랩은 서울시 공개, 공개제한 공간정보 370여 종(공개 203종, 공개제한 168종)을 보유하고 있으며, 트윈랩에서 볼 수 있는 공개제한 공간정보는 3D 건물, 드론 정사영상 등이 있음
  ○ 트윈랩에는 공간정보 분석용 고성능 컴퓨터에 기본 소프트웨어를 구비해두었으며 향후 이용자 수요에 따라 분석 소프트웨어를 확대 도입 예정
  ○ 서울스마트시티센터 누리집(http://smartcitycenter.sdf.seoul.kr) 사전예약 통해 방문이 가능하며, 방문객은 간단한 보안절차를 거쳐 데이터를 열람하고, 활용 콘텐츠를 시뮬레이션 가능
  ○ 트윈랩은 서울디지털재단이 운영하는 서울스마트시티센터에 위치해있으며, 서울스마트시티센터는 디지털재단 본사 건물인 상암동 에스플렉스센터 8층에 있다. (서울특별시 마포구 매봉산로31 에스플렉스센터 스마티움 8층)

□ 디지털 트윈랩에서 열람한 공개제한 공간정보의 반출이 필요한 민간기업은 서울시에 보안심사를 신청하고, 심사결과에 따라 데이터를 반출할 수 있다.  트윈랩에서 미보유하고 있는 공간정보 데이터가 필요하다면, 재단을 통해 요청할 수 있다.
  ○ 서울시와 서울디지털재단은 협력을 통해 기존 고품질 공간정보를 활용하지 못했던 민간기업의 데이터 접근성을 높일 수 있도록 추가 데이터를 지속 이관·적용 예정

□ 이후 서울시와 재단은 디지털 트윈랩 운영사업의 일환으로 디지털트윈 콘텐츠 제작지원 사업, 공간정보 활용 콘텐츠 공모전, 공간정보 특강 등을 운영할 예정이며, 연내 트윈랩 보유 데이터 활용 가이드북을 제작해 활용도를 제고할 계획이다.
  ○ 디지털트윈 콘텐츠 제작지원 사업의 경우, 서울시 자치구·산하기관에서 접수된 수요에 근거한 개발지원사업(콘텐츠 1식당 2,500만원 지원)
  ○ 디지털 트윈랩 운영사업을 통해 제작되는 콘텐츠, 행정지도, 공모작 등은 서울시 ‘에스맵 오픈랩(S-Map 오픈랩)’에 게시 예정

□ 서울디지털재단 강요식 이사장은 “이번에 개소하는 ‘디지털 트윈랩’은 민간기업이 그동안 외부에서 확보할 수 없었던 고품질 공간정보를 직접 눈으로 확인하고, 혁신서비스를 발굴할 수 있는 최초의 공간이며, 스타트업·연구자·시민에게 사랑 받는 곳으로 조성해 나갈 것”이라 밝혔다.

□ 김진만 서울시 디지털정책관은 “서울시는 적극적으로 공공데이터 개방에 앞장서고 있으나, 공개제한 등급으로 분류된 고품질 공간정보는 여전히 민간기업이 자유롭게 활용하기 어려운 환경”이라며, “‘디지털 트윈랩을 통해 이러한 한계가 개선될 것” 이라고 말했다. 


【붙임】 
   1. 서울스마트시티센터 디지털 트윈랩 사진
   2. 온라인 디지털 실험공간 ‘에스맵 오픈랩’ 화면
   3. 디지털 트윈랩 보유 공개제한 공간정보 리스트

붙임1

 서울스마트시티센터 디지털트윈랩 사진


디지털 트윈랩 공간정보 활용 콘텐츠 ? 광화문 광장 AR서비스 모형


디지털 트윈랩 공간정보 데이터 분석존


붙임2

  온라인 디지털 실험공간 ‘S-Map 오픈랩’화면



오픈랩 활용갤러리 메인화면


공간정보를 활용한 시민콘텐츠 보기화면


연번
자료구분
생산년도
공간정보
자료형태
1
공개제한
2019
3D 건물(실외-타일맵)
기타
2
공개제한
2019
3D 건물(실내-GLTF)
기타
3
공개제한
2020
3D 건물(실외-타일맵)
기타
4
공개제한
2020
3D 건물(실내-GLTF)
기타
5
공개제한
2019
3D 건물(실외-3DS)
기타
6
공개제한
2019
DEM(1m급)
기타
7
공개제한
2019
DSM
point
8
공개제한
2020
3D 건물(실외-OBJ)
기타
9
공개제한
2020
DEM(1m급)
기타
10
공개제한
2020
DSM
point
11
공개제한
2020
항공라이다_강북(LAS)
point
12
공개제한
2020
3D 건물(실외LOD0-gml)
기타
13
공개제한
2020
3D 건물(실외LOD1-gml)
기타
14
공개제한
2020
3D 건물(실외LOD2-gml)
기타
15
공개제한
2020
3D 건물(실외LOD3-gml)
기타
16
공개제한
2013
3D건물(실내)
GPL, JPG
17
공개제한
2014
3D건물(실내)
GPL, JPG
18
공개제한
2015
3D건물(실내)
GPL, JPG
19
공개제한
2016
3D건물(실내)
GPL, JPG
20
공개제한
2017
3D건물(실내)
GPL, JPG
21
공개제한
2018
3D건물(실내)
GPL, JPG
22
공개제한
2019
3D건물(실내)
SKP, JPG
23
공개제한
2020
3D건물(실내)
SKP, Gitf, SHP
24
공개제한
2021
3D건물(실내)
SKP, Gitf, SHP, GML
25
공개제한
2020
S-Map Building 3D-Tile
OBJ
26
공개제한
2020
S-Map LOD2-Tile
OBJ
27
공개제한(드론)
2018
0922_청담대교
정사영상
28
공개제한(드론)
2020
1006_16_창동철교
3DS, OBJ, DSM/
DTM, 정사영상
29
공개제한(드론)
2020
1015_7_반포동육교
3DS, OBJ, DSM/
DTM, 정사영상
30
공개제한(드론)
2020
1110_01. 한양도성
3DS, OBJ, DSM/
DTM, 정사영상
31
공개제한(드론)
2020
1110_03. 돈의문 박물관
정사영상
32
공개제한(드론)
2018
1119_서울시립미술관
DSM/DTM, 정사영상
33
공개제한(드론)
2016
DMC첨단산업센터(녹색에너지과)
DSM/DTM, 정사영상
34
공개제한(드론)
2019
감초마을
DSM/DTM, 정사영상
35
공개제한(드론)
2020
강동대교
3DS, OBJ, DSM/
DTM, 정사영상
36
공개제한(드론)
2019
강동일반산업단지
정사영상
37
공개제한(드론)
2021
경부고속도로
정사영상
38
공개제한(드론)
2021
경춘선숲길
OBJ, 정사영상
39
공개제한(드론)
2021
경춘철교
3DS, OBJ, DSM/
DTM, 정사영상
40
공개제한(드론)
2019
고덕주공2단지
DSM/DTM, 정사영상
41
공개제한(드론)
2019
고척스카이돔
DSM/DTM, 정사영상
42
공개제한(드론)
2021
관악IC
3DS, OBJ, DSM/
DTM, 정사영상
43
공개제한(드론)
2021
광명대교
3DS, OBJ, DSM/
DTM, 정사영상
44
공개제한(드론)
2021
광운대역육교
3DS, OBJ, DSM/
DTM, 정사영상
45
공개제한(드론)
2019
광진교
3DS, OBJ, DSM/
DTM, 정사영상
46
공개제한(드론)
2022
구로역 연결 보도육교
3DS, OBJ, DSM/
DTM, 정사영상
47
공개제한(드론)
2018
구룡마을
DSM/DTM, 정사영상
48
공개제한(드론)
2022
구일역 앞 일대
3DS, OBJ, DSM/
DTM, 정사영상
49
공개제한(드론)
2021
구일역보도육교
3DS, OBJ, DSM/
DTM, 정사영상
50
공개제한(드론)
2018
군자차량기지
DSM/DTM
51
공개제한(드론)
2022
금남시장
DSM/DTM, 정사영상
52
공개제한(드론)
2021
금천교
3DS, OBJ, 정사영상
53
공개제한(드론)
2019
금하마을
DSM/DTM, 정사영상
54
공개제한(드론)
2016
낙원상가(역사도심재생과)
DSM/DTM, 정사영상
55
공개제한(드론)
2019
난지미술창작스튜디오
DSM/DTM, 정사영상
56
공개제한(드론)
2019
남부기술교육원
DSM/DTM, 정사영상
57
공개제한(드론)
2016
남부여성발전센터(녹색에너지과)
DSM/DTM, 정사영상
58
공개제한(드론)
2016
남부여성센터
정사영상
59
공개제한(드론)
2021
내곡동비탈면
DSM/DTM, 정사영상
60
공개제한(드론)
2021
내부순환로
3DS, OBJ, DSM/
DTM, 정사영상
61
공개제한(드론)
2016
노들섬(공공개발센터)
DSM/DTM, 정사영상
62
공개제한(드론)
2021
노들섬육교
3DS, OBJ, DSM/
DTM, 정사영상
63
공개제한(드론)
2016
노량진(공공개발센터)
DSM/DTM, 정사영상
64
공개제한(드론)
2018
노원열병합발전소
DSM/DTM, 정사영상
65
공개제한(드론)
2022
당산-샛강 보행육교
3DS, OBJ, DSM/
DTM, 정사영상
66
공개제한(드론)
2016
당인리 발전소(공공개발센터)
DSM/DTM, 정사영상
67
공개제한(드론)
2020
대도보도육교
3DS, OBJ, DSM/
DTM, 정사영상
68
공개제한(드론)
2020
대신동육교
3DS, OBJ, DSM/
DTM, 정사영상
69
공개제한(드론)
2020
도곡동육교
3DS, OBJ, DSM/
DTM, 정사영상
70
공개제한(드론)
2022
도봉-창포원 전망육교
3DS, OBJ, DSM/
DTM, 정사영상
71
공개제한(드론)
2022
독산동-안양천 진입보행로
3DS, OBJ, DSM/
DTM, 정사영상
72
공개제한(드론)
2021
동부간선도로
3DS, OBJ, DSM/
DTM, 정사영상
73
공개제한(드론)
2021
동부간선육교
3DS, OBJ, DSM/
DTM, 정사영상
74
공개제한(드론)
2019
동부기술교육원
DSM/DTM, 정사영상
75
공개제한(드론)
2021
동작구 전역
정사영상
76
공개제한(드론)
2022
뚝도청춘시장
DSM/DTM, 정사영상
77
공개제한(드론)
2020
마장동육교
3DS, OBJ, DSM/
DTM, 정사영상
78
공개제한(드론)
2019
목동열병합발전소
DSM/DTM, 정사영상
79
공개제한(드론)
2022
무악재 하늘다리
3DS, OBJ, DSM/
DTM, 정사영상
80
공개제한(드론)
2022
문래동-안양천 진입보행로
3DS, OBJ, DSM/
DTM, 정사영상
81
공개제한(드론)
2018
밤섬
정사영상
82
공개제한(드론)
2019
방이동고분군
DSM/DTM, 정사영상
83
공개제한(드론)
2019
별자리광장
DSM/DTM, 정사영상
84
공개제한(드론)
2019
봉천12-2구역
DSM/DTM, 정사영상
85
공개제한(드론)
2019
북부기술교육원
DSM/DTM, 정사영상
86
공개제한(드론)
2022
북악스카이웨이1교
3DS, OBJ, DSM/
DTM, 정사영상
87
공개제한(드론)
2022
북악스카이웨이3교
3DS, OBJ, DSM/
DTM, 정사영상
88
공개제한(드론)
2020
사근동육교
3DS, OBJ, DSM/
DTM, 정사영상
89
공개제한(드론)
2021
상도교
3DS, OBJ, DSM/
DTM, 정사영상
90
공개제한(드론)
2018
상도동 244
정사영상
91
공개제한(드론)
2018
상일동 404
정사영상
92
공개제한(드론)
2021
서강대교남단
3DS, OBJ, DSM/
DTM, 정사영상
93
공개제한(드론)
2022
서강하늘다리
3DS, OBJ, DSM/
DTM, 정사영상
94
공개제한(드론)
2020
서울대공원
DSM/DTM, 정사영상
95
공개제한(드론)
2019
서울도시건축센터
DSM/DTM, 정사영상
96
공개제한(드론)
2018
서울로
정사영상
97
공개제한(드론)
2021
서울봉헌초등학교앞육교
3DS, OBJ, DSM/
DTM, 정사영상
98
공개제한(드론)
2021
서울숲육교
3DS, OBJ, DSM/
DTM, 정사영상
99
공개제한(드론)
2019
서울시립남서울미술관
DSM/DTM, 정사영상
100
공개제한(드론)
2022
서울시립미술아카이브
DSM/DTM, 정사영상
101
공개제한(드론)
2019
서울식물원
DSM/DTM, 정사영상
102
공개제한(드론)
2021
서울식물원 한강전망데크
3DS, OBJ, DSM/
DTM, 정사영상
103
공개제한(드론)
2022
서울특별시소방학교
DSM/DTM, 정사영상
104
공개제한(드론)
2020
서초동육교
3DS, OBJ, DSM/
DTM, 정사영상
105
공개제한(드론)
2019
서초성뒤마을
정사영상
106
공개제한(드론)
2021
석수역앞육교
3DS, OBJ, DSM/
DTM, 정사영상
107
공개제한(드론)
2019
석촌동고분군
DSM/DTM, 정사영상
108
공개제한(드론)
2020
선유도
DSM/DTM, 정사영상
109
공개제한(드론)
2022
성북동 산 14-24~25
DSM/DTM, 정사영상
110
공개제한(드론)
2021
성수구름다리
정사영상
111
공개제한(드론)
2016
성수동(공공개발센터)
DSM/DTM, 정사영상
112
공개제한(드론)
2022
세곡교
3DS, OBJ, DSM/
DTM, 정사영상
113
공개제한(드론)
2018
세운상가
DSM/DTM, 정사영상
114
공개제한(드론)
2021
센트럴시티보도육교
3DS, OBJ, DSM/
DTM, 정사영상
115
공개제한(드론)
2021
수락육교
3DS, OBJ, DSM/
DTM, 정사영상
116
공개제한(드론)
2021
수락초교앞육교
3DS, OBJ, DSM/
DTM, 정사영상
117
공개제한(드론)
2020
수서동육교
3DS, OBJ, DSM/
DTM, 정사영상
118
공개제한(드론)
2018
수서차량기지
DSM/DTM, 정사영상
119
공개제한(드론)
2021
신내IC
3D모델(3ds), 정사영상
120
공개제한(드론)
2016
신당동(공공개발센터)
DSM/DTM, 정사영상
121
공개제한(드론)
2020
신암보도육교
3DS, OBJ, DSM/
DTM, 정사영상
122
공개제한(드론)
2022
신영삼거리 육교
3DS, OBJ, DSM/
DTM, 정사영상
123
공개제한(드론)
2016
아현뉴타운
DSM/DTM, 정사영상
124
공개제한(드론)
2021
안양천구로연결통로
3DS, OBJ, DSM/
DTM, 정사영상
125
공개제한(드론)
2016
암사대교
3DS, OBJ, DSM/
DTM, 정사영상
126
공개제한(드론)
2021
양재IC
3DS, OBJ, DSM/
DTM, 정사영상
127
공개제한(드론)
2020
양재동육교
3DS, OBJ, DSM/
DTM, 정사영상
128
공개제한(드론)
2019
양재천우안도로
정사영상
129
공개제한(드론)
2022
양평유수지생태공원
3DS, OBJ, DSM/
DTM, 정사영상
130
공개제한(드론)
2021
양화대교
3DS, OBJ, DSM/
DTM, 정사영상
131
공개제한(드론)
2020
양화동육교
3DS, OBJ, DSM/
DTM, 정사영상
132
공개제한(드론)
2021
어린이병원
OBJ, DSM/DTM, 정사영상
133
공개제한(드론)
2016
여의도(공공개발센터)
DSM/DTM, 정사영상
134
공개제한(드론)
2020
염곡동육교
3DS, OBJ, DSM/
DTM, 정사영상
135
공개제한(드론)
2021
영등포공공택지지구
OBJ, DSM/DTM, 정사영상
136
공개제한(드론)
2021
영등포구 전역
정사영상
137
공개제한(드론)
2016
왕십리뉴타운(공간정보담당관)
정사영상
138
공개제한(드론)
2021
용비교
3DS, OBJ, DSM/
DTM, 정사영상
139
공개제한(드론)
2021
월곡역입구앞육교
3DS, OBJ, DSM/
DTM, 정사영상
140
공개제한(드론)
2018
월드컵공원
DSM/DTM, 정사영상
141
공개제한(드론)
2018
월드컵공원(정사영상)
정사영상
142
공개제한(드론)
2021
월드컵대교
3DS, OBJ, DSM/
DTM, 정사영상
143
공개제한(드론)
2021
월릉교남측
3DS, OBJ, DSM/
DTM, 정사영상
144
공개제한(드론)
2020
은평한옥마을
DSM/DTM, 정사영상
145
공개제한(드론)
2021
응봉교
3DS, OBJ, DSM/
DTM, 정사영상
146
공개제한(드론)
2018
인재개발원
정사영상
147
공개제한(드론)
2020
일원동육교(삼성)
3DS, OBJ, DSM/
DTM, 정사영상
148
공개제한(드론)
2020
일원동육교(탄천)
3DS, OBJ, DSM/
DTM, 정사영상
149
공개제한(드론)
2022
자벌레서울생각마루
3DS, OBJ, DSM/
DTM, 정사영상
150
공개제한(드론)
2016
잠실(동남권 지역발전본부)
DSM/DTM, 정사영상
151
공개제한(드론)
2022
잠실운동장 올림픽주경기장
DSM/DTM, 정사영상
152
공개제한(드론)
2021
중랑IC
3DS, OBJ, DSM/
DTM, 정사영상
153
공개제한(드론)
2022
중랑공영차고지
DSM/DTM, 정사영상
154
공개제한(드론)
2019
중랑물재생센터
DSM/DTM, 정사영상
155
공개제한(드론)
2021
중랑천묵동계단
3DS, OBJ, DSM/
DTM, 정사영상
156
공개제한(드론)
2021
중랑천상계연결통로
3DS, OBJ, DSM/
DTM, 정사영상
157
공개제한(드론)
2021
중랑천월계진출입로
3DS, OBJ, DSM/
DTM, 정사영상
158
공개제한(드론)
2019
중부기술교육원
DSM/DTM, 정사영상
159
공개제한(드론)
2016
창동상계(도시계획과, 동북권 지역발전본부)
DSM/DTM, 정사영상
160
공개제한(드론)
2020
천호대교
DSM/DTM, 정사영상
161
공개제한(드론)
2021
철산교
3DS, OBJ, DSM/
DTM, 정사영상
162
공개제한(드론)
2018
청담대교(정사영상)
정사영상
163
공개제한(드론)
2022
칠성아파트 앞 육교
3DS, OBJ, DSM/
DTM, 정사영상
164
공개제한(드론)
2018
평창동 산복도로(비오톱)
정사영상
165
공개제한(드론)
2019
품질시험소
OBJ, 정사영상
166
공개제한(드론)
2019
풍납토성
DSM/DTM, 정사영상
167
공개제한(드론)
2020
행당동육교
3DS, OBJ, DSM/
DTM, 정사영상
168
공개제한(드론)
2019
헌릉로
DSM/DTM, 정사영상

붙임3

 디지털 트윈랩 보유 공개제한 공간정보 리스트 (리스트 사진활용x,참고용)




"
서울특별시,"


2023. 9. 18.(월) 조간용

이 보도자료는 2023년 9월 17일 오전 11:15부터 보도할 수 있습니다.




보도자료







담당 부서:
디지털정책관 디지털정책담당관
디지털정책담당관
오경희
02-2133-2910

디지털정책기획팀장
이영미
02-2133-2912

디지털협력팀장
박미희
02-2133-2933

WeGO 수석
조은별
02-720-2937

사진 없음 □
사진 있음 ▣
쪽수: 11쪽
관련 누리집
(메뉴)
https://www.seoulsmartcityprize.com/ 
http://forum.seoul.go.kr/ssc2023
https://we-gov.org/















서울시, '글로벌 스마트시티 비전 공유?협력의 장' 25~26일 개최
- 25일 ?제1회 서울 스마트도시 상?…총 240개 해외 도시·기업 등 접수 및 최종 21개작 시상
- 26일 ‘디지털 혁신의 도전과 포용’ 주제 ?서울 스마트시티 포럼?…사전등록 20일(수)까지 진행
- 오세훈 시장, ?제6차 WeGo 총회? 주재…정관 개정, 의장단 선출, 개최지 선정 등 안건 논의 
- 시, “사람 중심 포용적 스마트도시 비전을 전 세계로 확산하는 도약의 장이 될 것”


□ 서울시는 미래 스마트도시 비전을 전 세계에 공유·확산하기 위해 <제1회 ‘서울 스마트도시 상(Seoul Smart City Prize)’ 시상식>을 시작으로 <2023 서울 스마트시티 포럼>, <제6차 WeGO총회>를 오는 25(월)부터 26일(화)까지 양일간 동대문디자인플라자(DDP)와 서울시청 본관에서 개최한다고 밝혔다.

□ 이번 ‘서울 스마트도시 상(Seoul Smart City Prize)’ 시상식은 전 세계 스마트도시를 선도하는 서울에서 처음으로 개최하는 의미 있는 자리다. 시는 포용적 성장을 위한 글로벌 협력체계 구축을 위해 시상식과 연계한 ‘서울 스마트도시 포럼(Seoul Smart City Forum 2023)’과 ‘제6차 WeGO총회’도 연이어 개최해 전 세계 스마트도시 및 디지털 기술의 성과와 비전 등을 국내외 전문가들과 함께 공유하고 의견을 교환하는 한편, 세계도시 및 기업 간 스마트시티 협력·교류를 한층 더 강화하는 담론의 장을 마련한다는 목표다.
  ○ ‘서울 스마트도시 상(Seoul Smart City Prize)’은 서울시가 세계스마트시티기구(WeGO·위고)와 함께 시정철학인 ‘약자와의 동행’ 가치를 담아 도시 양극화 문제 해소와 포용적 성장을 촉진하는 미래 스마트도시 비전을 전 세계에 확산하고자 지난해 9월 제정한 상이다.
  ○ 올해로 8회를 맞이한 ‘서울 스마트시티 포럼’은 디지털 환경이 급격히 변화하는 디지털 대전환 시대에 ’약자와의 동행’이라는 핵심가치를 세계 도시와 공유·확산하고, 디지털 기술의 성과와 비전 등을 논의하는 자리다.
  ○ 세계 도시와 기업 간 스마트시티 분야의 협력과 교류를 위해 서울시 주도로 2010년 출범한 세계도시 전자정부협의체(WeGO)는 213개의 회원도시·기업을 보유한 명실상부 최대 규모의 국제도시 협의기구다. 세계스마트시티기구(WeGO?위고)는 지난 2017년 세계스마트시티기구로 명칭을 변경한 바 있다.

□ 이러한 미래 스마트도시 비전의 첫 행사로 25일(월) 17시 30분  DDP 아트홀 2관에서 ‘2023 서울 스마트도시 시상식’이 포문을 연다. 오세훈 시장 및 김현기 시의회 의장의 인사말, 가수 싸이(PSY)의 축사와 함께 ‘약자와 동행하는 매력적인 스마트도시 구현’을 위한 노력 등을 높게 평가 받은 최종 우승작(자) 21개를 시상한다.
  ○ 서울시는 지난 3월부터 6월까지 제1회 ‘서울 스마트도시 상’ 공모를 추진해 프로젝트(사람중심, 기술혁신), 리더십, 특별상 등 3개 분야를 대상으로 최종 240건의 지원서를 온라인으로 신청받았다. 이후 국내외 스마트도시 전문가들의 1~3차 심사를 통해 우승후보작(자) 총 40개를 선정했고 24일 오세훈 시장 등이 참여한 최종심사위원회를 통해 21개 수상작(자)을 확정 짓고 25일(월) 시상한다.

□ 글로벌 공공 인프라·스마트도시 연구리더 및 최고의 AI 전문가들이 참여하는 가운데 26일(화) 오전 10시 서울시청 3층 대회의실에서는 ‘디지털 혁신의 도전과 포용’을 주제로 한 ‘2023 서울 스마트시티 포럼’이 펼쳐진다.

□ 오세훈 시장의 개회사로 시작되는 이번 포럼에서는 팬데믹 이후 디지털 기술의 급격한 발전에 따른 사회의 명암, 포용적 스마트도시를 지향하기 위한 정책과 비전 등에 대해 심도 있는 발표 및 토론이 3개 세션으로 열린다. 기조연설에는 EY(Ernst & Young, 언스트 앤 영) 아시아·태평양 인프라스트럭처 총괄 리더인 빌 뱅크스(Bill Banks, 호주)가 ‘디지털 시대에 시민을 위한 정부의 역할’을 주제로 인사이트를 나눈다.
  ○ 세션1 ‘디지털 기술의 도전과 미래’에서는 최민석 경희대 전자공학과 교수를 좌장으로 안희철 법무법인 디라이트 파트너 변호사, 박경렬 KAIST 과학기술정책대학원 교수, 배순민 KT AI2XL 연구소장 등이 참여해 기술의 급속한 발전과 이에 따른 사회의 명암, 나아가야 할 미래 기술과 사회상을 조망한다. 
  ○ 세션2 ‘포용적 스마트도시의 방향과 미래’에서는 김병준 국민대학교 행정학과 교수를 좌장으로 제니퍼 코울리(Jennifer Cowley) 텍사스대학교 알링턴 캠퍼스 총장, 하정우 네이버클라우드 AI 이노베이션 센터장, 이상용 서울시 디지털수석 등이 참여해 스마트도시의 포용적 정책을 통해 각종 사회문제 해결 방안을 모색하며, 미래 스마트도시의 모습을 그려본다.
  ○ 세션3 ‘스마트도시의 기준 스마트시티 인덱스’에서는 스마트도시 목표 달성을 위한 평가와 지속가능한 관리에 유용한 도구로서의 스마트시티 인덱스를 제안하고, 정책적 활용 방안을 모색한다. 문명재 연세대학교 행정학과 언더우드 특훈 교수를 좌장으로 브루노 랑방(Bruno Lanvin) 스위스 국제경영개발대학원 스마트시티 연구소 회장, 이석원 서울대학교 행정대학원 교수, 페르난도 데 파블로 마르틴(Fernando de Pablo Mart?n) 스페인 마드리드 시 디지털국 국장 등이 연사로 참여한다. 

□ 포럼은 온?오프라인으로 진행되며, 스마트도시에 대해 관심 있는 시민이라면 누구나 참여 가능하다. 현장 참석을 희망하는 시민은 오는 20일(수)까지 포럼 공식 누리집(https://forum.seoul.go.kr)을 통해 사전등록을 신청하면 된다. 서울시 공식 유튜브 채널(youtube.com/seoullive)을 통해서도 전 세계에 생중계된다.
  ○ 서울시 유튜브 채널: (영문) www.youtube.com/seoulcityofficial 

□ 포럼에 이어, ‘제6차 WeGO 총회’가 26일(화) 14시부터 서울시청 다목적홀에서 개최된다. WeGO의 의장도시인 서울시의 오세훈 시장이 의장으로 총회를 주재하며, 71개 회원도시, 국제기구, 기관 및 IT기업에서 총 200여 명의 회원이 모여 다음 총회가 열리기 전까지 WeGO가 나가야 할 방향을 논의하고 결정할 계획이다.
  ○ WeGO 총회 참석자들은 총회 기간 중 ?서울관광플라자 투어 ?서울 시티투어버스 ?강동구 바위절 마을 호상놀이 등 다양한 행사에 참여해 한국의 문화와 스마트시티 기술을 직접 경험하는 시간도 갖는다. 특히, 스마트서울전시관 및 마곡LG사이언스 파크 관람을 통해 발전된 서울 스마트도시 기술을 직접 경험한다.
  ○ WeGO 참석자들은 서울 대표 재래시장인 광장시장을 찾아 한국 서민의 음식을 체험하는 시간을 가진다. WeGO 총회가 추석 직전에 이뤄져 한국 최대 명절의 음식과 문화를 즐길 수 있을 것으로 기대된다. 

□ 이번 총회에서는 ?WeGO 정관 개정 ?차기 (2023-2026년) 의장 도시, 부의장 도시, 및 집행도시 선출 ?2026년 제7차 WeGO 총회 개최도시 선정 등이 주요 안건으로 논의될 예정이다.
  
□ 김진만 서울시 디지털정책관은 “일상 곳곳에 만연한 디지털 기술이 나날이 발전하는 가운데 서울시는 ‘약자와 동행하는 매력적인 스마트도시 구현’을 위해 지속적으로 힘쓰고 있다”며, “제1회 ‘서울 스마트도시 상(Seoul Smart City Prize)’ 시상을 통해 미래 스마트도시 모델을 수립하고 스마트 서울의 위상을 강화하는 한편, 사람 중심 포용적 스마트도시를 만들어 가는 데 있어 전 세계로 확산하는 도약의 장이 되길 바란다”고 말했다.

붙임  1. 서울 스마트시티 포럼 포스터 1부.
      2. 서울 스마트도시 시상식 리플릿(국문판) 1부.  끝.

붙임
서울 스마트도시 리더스 포럼 포스터



붙임
서울 스마트도시 시상식 리플릿(국문용)


SEOUL SMART CITY PRIZE 2023

코로나-19로 인한 디지털 전환의 가속화는 시?공간의 제약을 극복하는 산업의 확장과 혁신을 가져왔지만, 이러한 디지털 변화에 익숙지 않은 시민들은 현실사회에서 소외되고 배제되는 결과를 가져오기도 했습니다. 이와 같은 시기에는 보다 취약한 계층을 포함하고 모든 시민들을 위한 더욱 접근 가능한 서비스를 제공하는 “사람 중심”의 도시를 조성하는 것이 더욱 중요합니다.

서울 스마트도시 상은 정보통신기술에 기반한 4차 산업혁명 시대에 사회적 약자를 보호하는 혁신적이고 포용적인 스마트도시 모델 도입을 촉진하기 위해 제정되었습니다. 이 상의 핵심가치는 사람중신(Human-CentriCity)과 기술혁신(Tech-InnovaCity)이며 스마트도시가 기술 중심으로만 발전하는 것이 아니라 인간과 기술을 모두 고려해야 한다는 시각을 반영합니다.

WeGO와 서울특별시는 서울 스마트도시 상을 통해 포용적이고 사람을 향하는 스마트도시 구축을 위한 글로벌 협력을 추진하고자 합니다. 세계도시, 기업 및 기관과 협력하여 귀감이 되는 스마트도시 사례를 발굴하고 그 공로를 인정하고자 합니다. 서울 스마트도시 상은 선진 도시의 우수한 정책 뿐만 아니라 잠재력 있고 발전 가능성 있는 프로젝트를 발굴하여 세계 도시간 격차 해소에 기여하고 함께 성장하고자 하니, 세계 도시들의 많은 관심과 성원을 부탁드립니다.


시상부문


Human-CentriCity
디지털 포용을 우선시하는 스마트도시 개발을 위한 사업으로, 디지털 격차를 극복하거나 완화하며 노인, 청소년, 장애인 등 시민 인구 중 특정 대상군에게 서비스를 제공하는 것을 목표로 합니다.

Tech-InnovaCity
모빌리티, 안전, 복지, 환경, 에너지, 문화 및 거버넌스 등 사회 다양한 영역에서 혁신적인 정책과 기술을 통합하는 것에 초점을 둔 사업

Leadership
시민의 삶의 질 향상을 위해 스마트도시 정책 수립, 혁신 기술, 데이터 활용 및 글로벌 확산에 혁신한 인물

Special Mentions
GGGI 상 : 협력 국제기구 GGGI(Global Green Growth Institute)에서 수여
IMD 상 : WeGO-IMD 스마트시티 인덱스 평가 우수 도시에 수여
※서울 스마트도시 상 추진위원회가 선정한 테마와 기준에 따라 수여


‘서울 스마트도시 상’ 시상식 진행순서

○ 일    시 : '23. 9. 25.(월) 17:30~18:30 (60')   
○ 장    소 : DDP(동대문디자인플라자) 아트홀2관

시  간
내    용
연사 및 시상자
 개 회
17:30~17:31 (1‘)
??개회안내
사회자
17:31~17:33 (2‘)
??‘서울 스마트도시 상’ 오프닝 영상

17:33~17:35 (2‘)
??환영사
오세훈 서울시장
(WeGO 의장)
17:35~17:37 (2‘)
??축사
김현기 서울시의회 의장
17:37~17:39 (2‘)
??축사
PSY (박재상)
17:39~17:44 (5‘)
??‘서울 스마트도시 상’ 소개
Danil Kerimi
(Edgelands Institute 공동설립자)
 ‘서울 스마트도시 상’ 수여식
17:44~17:47 (3‘)
??특별상(GGGI 상 1개)  발표 및 시상
Frank Rijsberman
(GGGI 사무총장)
17:47~17:52 (5‘)
??특별상(IMD 상 2개) 발표 및 시상
Bruno Lanvin
(IMD 스마트시티 연구소 회장)
17:52~17:57 (5‘)
??리더십 상(2명) 발표 및 시상
Yves Daccord
(Le Temps 프랑스어 언론사 회장)
17:57~18:02(5‘)
  ‘메타버스 서울’ 가상 체험 퍼포먼스
18:02~18:05 (3‘)
??프로젝트상(기술혁신) 부문 발표 및 시상
  * 기업 1개
Jennifer Cowely
(텍사스대학교 총장)
18:05~18:08 (3‘)
??프로젝트상(기술혁신) 부문 발표 및 시상
  * 기관 1개
문재명
(연세대학교 교수)
18:08~18:13 (5‘)
??프로젝트상(기술혁신) 부문 발표 및 시상
  * 금 1개, 은 2개, 동3개
Ajit Manocha
(SEMI 회장)
18:13~18:16 (3‘)
??프로젝트상(사람중심) 부문 발표 및 시상
  * 기업 1개
임성빈
(페이버스 대표)
18:16~18:19 (3‘)
??프로젝트상(사람중심) 부문 발표 및 시상
  * 기관 1개
Joanna Rubinstein 
(유엔난민기구 스웨덴 의장)
18:19~18:24 (5‘)
??프로젝트상(사람중심) 부문 발표 및 시상
  * 금 1개, 은 2개, 동3개
오세훈 서울시장
(WeGO 의장)
 폐 회
18:24~18:26 (2‘)
??폐회사
박정숙 WeGO 사무총장
18:26~18:30 (4‘)
??기념촬영(단체사진)
수상자

□ 우승후보 (3차 심사 결과)      ※ 리더십 부문 5명은 비공개
 ㅇ 테크 18 ※ 최종 시상대상은 8개임
                        

No
대륙
국가(도시)
구분
조직명
프로젝트명
1
아메
리카
(2)
미국
(LA)
도시
로스앤젤레스시 정보기술청
MyLA311 스마트 민원해결 플랫폼
2
멕시코
(멕시코시티)
기관
디지털 정부국
공공혁신 디지털청 
디지털 신분증: Llave CDMD, 디지털 기록이 포함된 신분인증서
3
유럽
스페인
(마드리드)
도시
마드리드 시의회
데이터 기반 초연결?초자동화된 지능형 스마트 도시 모델
4
오세아니아
뉴질랜드
(웰링턴)
도시
웰링턴시 기후변화대응팀 및 디지털혁신부
기후 변화 대응 디지털 트윈
5
중동
(3)
사우디아라비아
(리야드)
기관
에스티슈라프(Estishraf), 국립정보센터, 사우디 데이터 및 인공지능청
SDAIA Smart C ? 국가 스마트 시티 플랫폼, 데이터 기반 의사결정 지원
6
아랍 에미리트
(아부다비)
도시
지방자치 교통국
스마트도시 거버넌스 파트
스마트 인공지능 차량 검사 시스템
7
팔레스타인
(헤브론)
도시
헤브론시 정보화부서 교통과
인공지능 기반 스마트도시 모니터링
8
아프
리카
(2)
나이지리아
(아부자)
도시
나이지리아 아부자 지역 의회, 환경부
스마트 폐기물 관리 - 디지털 기술 기반 지역 고체 폐기물 관리 최적화 
9
모로코
(벌케인)
기업
마할 벌케인 스타트업
E-물루야(Moulouya) 조류(bird) 모니터링을 통한 동?식물 보호
10
아시아
(9)
카자흐스탄
(알마티)
도시
알마티시 디지털화부
지리 분석 플랫폼
11
대만
(가오슝)
도시
가오슝시 정부 농업국
기후변화 대응 스마트 농업 정보 플랫폼
12
말레이시아
(조지타운)
도시
페낭섬 시의회
스마트 섬 디지털 트윈(가상 공간 모형) 
13
방글라데시
(북다카)
도시
북다카 도시공사
쇼바 다카(모두를 위한 다카) 시민 참여 관리 플랫폼
14
싱가포르
(싱가포르)
기관
싱가포르 토지관리국 
모바일 매핑을 통한 싱가포르 지리공간 수요
15
인도네시아
(자카르타)
도시
자카르타 스마트 시티
JakLapor - 사생활 보호 온라인 대중 민원 어플리케이션
16
필리핀
(바기오)
기관
코르딜레라스 대학교 
SUNSHARE: 신재생에너지 블록체인 시장 앱 
17
한국
(서울)
기관
한국철도기술연구원 
지하공간을 활용한 도시물류 개발
18
한국
(서울)
기업
뷰런 테크놀로지 
스마트 인구 흐름 분석 솔루션

 ㅇ 휴먼 17 ※ 최종 시상대상은 8개임
                       

No
대륙
국가(도시)
구분
조직명
프로젝트명
1
아메 
리카
(4)
브라질
(상파울로)
도시
시 장애인사무국 / 포용성 정책 및 프로젝트 조율
무장애 서비스 맵
2
브라질
(벨루오리존치)
도시
프로다벨(Prodabel) - 벨루오리존치 시 정보기술
디지털 포용 정책
3
브라질
(쿠리치바)
도시
쿠리치바 시
쿠리치바 혁신 및 개발 사무소
피냐오 골짜기 - 쿠리치바의 혁신 스마트 생태계 조성
4
콜롬비아
(보고타)
기관
보고타 데이터 분석 사무소
페소 아 페소(Peso a Peso)
(금용격차 해소 대안형 신용점수 데이터) 
5
유럽
(6)
아일랜드
(더블린)
기관
CONNECT 연구센터와 더블린시
가까운 미래의 아카데미
(지역참여 스마트 리빙랩 워크샵)
6
튀르키예
(이스탄불)
도시
이스탄불시 스마트시티국
이스탄불 디지털 격차 지도 
7
룩셈부르크
(룩셈부르크시)
기관
디지털화부 및 정부 정보통신기술 센터
MyGuichet.lu 디지털 약자를 위한 디지털 권한(디지털 대리인)
(디지털 약자 공공 접근성 제고)
8
튀르키예
(코냐)
도시
코냐시 정보 기술부 
Disabled Accessible KONYA
(취약계층의 스마트 서비스 접근성 강화)
9
덴마크
(오덴세)
도시
오덴세시 시장실
LEAP - 사람을 위한 리더십, 역량강화, 옹호(온라인 시민참여 플랫폼)
10
스페인
(바르셀로나)
기업
초속 300,000 km
도시 시민 학습, 도시의 생활성 예측을 위해 시민이 교육시킨 알고리즘
11
중동
사우디아라비아
(메디나)
도시
메디나시 개발기관 스마트시티 프로그램부
디지털 도시 생활 박물관 구축
12
아프
리카
잠비아
(루사카)
기관
재정 및 국가계획부 + 전자정부실
정부서비스 버스와 정부 결제 게이트웨이(280개 행정 서비스를 제공 및 세금납부 가능한 앱)
13
아시아
(5)
베트남
(다낭)
도시
다낭시 정보통신국 
스마트 여행 플랫폼 
14
일본
(요코하마)
기업
원 스마일 재단
표정인식 카메라 센서 기반 미소 한번 당 1센트를 기부하는 '웃음을 기부로' 프로젝트
15
필리핀
(마닐라)
도시
시장실
Go! Manila
(세금납부, 사업자 등록 각종 증명서, 전자결제 모바일 플랫폼)  
16
필리핀
(카비테)
도시
카비테 주 정보통신기술 사무소 및 컴퓨터센터
무료 컴퓨터 문해력 프로그램 
17
한국
(서울)
기관
한국: 한국건설기술연구원, 베트남: 건축 및 도시 매니저 아카데미, 건설부
한-베 스마트시티 및 건설 기술 협력 센터 설립
"
서울특별시,"


2023. 9. 26.(화) 석간용

이 보도자료는 2023년 9월 26일 오전 06:00부터 보도할 수 있습니다.


보도자료







담당부서:



디지털정책관 디지털정책담당관



디지털정책담당관
오경희
2133-2910

디지털정책기획팀장
이영미
2133-2912

디지털협력팀장
박미희
2133-2933

WeGO 수석
조은별
720-2937

사진없음 □
사진있음 ▣
쪽수: 6쪽
누 리 집
forum.seoul.go.kr/ssc2023
we-gov.org








9.26.(화) 스마트시티 협력의 장 'WeGO총회?스마트시티 포럼' 개최
 - 26일(화) ‘제6차 세계스마트시티기구(WeGO) 총회’, 오세훈 시장 의장으로 총회 주재
 - 회원 도시?기업 등 2백여 명 참석… 차기 의장?부의장 도시 및 총회 개최도시 선정
 - 오전 10시부터는 “디지털 혁신의 도전과 포용” 주제로 ‘2023 서울 스마트시티 포럼’
 - 포럼에선 팬데믹 이후 디지털 격차 해소를 위한 노력 등 공유… 유튜브 통해 생중계


□ 서울시는 9.26.(화) 14시 서울시청 본관 8층 다목적홀에서 세계스마트시티기구(WeGO) ‘제6차 WeGO총회’를 개최한다고 밝혔다. 이번 총회는 ‘스마트 도시, 스마트 시민(Smart City, Smart Citizen)’을 주제로, 오세훈 서울시장이 의장으로 총회를 주재한다.

□ 같은 날 오전 10시부터 시청 본관 3층에서는 ‘2023 서울 스마트시티 포럼(Seoul Smart City Forum 2023)’이 열려 ‘디지털 혁신의 도전과 포용’에 대한 열띤 논의가 이뤄질 예정이다.

<회원도시?기업 등 2백여 명 참석… 차기 의장?부의장 도시, 총회 개최도시 등 선정>
□ ‘제6차 세계스마트시티기구(WeGO)’ 총회에는 회원 도시, 기업, 기관, 파트너 대표 등 2백여 명이 참석해 WeGO 사무국과 세계 각 지역 본부의 연례 성과 보고, 향후 활동 계획 등을 논의한다.
  ○ 세계 도시?기업 간 스마트시티 분야 협력과 교류를 위해 2010년 서울시 주도로 출범한 세계도시전자정부협의체(WeGO)는 213개 회원 도시와 기업을 보유한 세계 최대 규모 국제도시 협의기구로, WeGO 집행위원회는 매년, 총회는 3년마다 정례적으로 열린다.

□ 이번 총회에서는 ?WeGO 정관 개정 ?차기('23~'26년) 의장?부의장 도시 및 집행도시 선출 ?2026년 제7차 WeGO 총회 개최도시 선정 등이 주요 안건으로 논의된다.
  ○ WeGO 총회 참석자들은 총회 기간 중 스마트서울전시관, 마곡LG사이언스파크 등을 방문해 서울의 첨단 스마트도시 기술을 경험할 예정이다.

<‘디지털 혁신의 도전과 포용’ 주제로 포럼… 디지털 격차 해소 위한 노력?사례 공유>
□ 오전 10시부터 열리는 ‘2023 서울 스마트시티 포럼(Seoul Smart City Forum 2023)’에서는 팬데믹 이후 더 커진 디지털 격차를 해소하기 위한 다양한 노력과 사례를 조명하고, 나아가 디지털 약자를 포용하는 정책을 집중적으로 살펴볼 예정이다.
  ○ 도시 문제 해결에 스마트도시 정책을 선도적으로 적용해 온 서울시는 글로벌 디지털 수도로서 위상을 정립하고 세계 도시, 기업, 학계 간 협력 네트워크를 구축하고자 지난 '16년부터 ‘서울 스마트시티 포럼’을 개최해 오고 있다.
□ 포럼에서는 세계 4대 컨설팅?회계 법인 중 한 곳인 EY(Ernst & Young, 언스트 앤 영) 아시아?태평양 인프라스트럭처 총괄 리더인 빌 뱅크스(Bill Banks, 호주)가 기조 연설자로 나서 ‘디지털 시대 시민을 위한 정부의 역할’을 주제로 발제하고, 지성우 성균관대학교 법학전문대학원 교수와 대담을 이어간다.
  ○ 빌 뱅크스 리더는 25년간 국제 스마트도시 개발 및 인프라 프로젝트에 대한 컨설팅한 ‘글로벌 공공 인프라 전문가’로 이번 포럼에서 도시-기업-시민 간 협력을 통해 포용적인 디지털 생태계를 구축할 수 있다는 메시지를 전달할 예정이다.
  ○ ICT 및 미디어 전문가로 주목받는 지성우 교수는 빌 뱅크스와의 대담을 통해 디지털 격차를 줄이고 공존, 공생할 수 있는 도시의 미래를 논의한다.        

□ 이어 글로벌 스마트도시 리더들과 IT 혁신을 이끄는 국내 최고 AI 전문가 등이 대거 연사로 나서며 팬데믹 이후 디지털 기술의 급격한 발전에 따른 사회의 변화, 포용적 스마트도시로 나아가기 위한 정책과 비전에 대해 심도 있는 발표와 토론이 진행된다.

□ 첫 번째 세션은 국내 연사를 주축으로 하여 ‘디지털 기술의 도전과 미래’를 주제로 디지털 기술의 급속한 발전과 사회 변화, 앞으로 나아가야 할 미래 기술과 사회상을 조망해 본다.
  ○ 스타트업 및 ICT 관련 법률 전문가 안희철 법무법인 디라이트 파트너 변호사, 글로벌 디지털 거버넌스 연구를 선도하는 박경렬 카이스트 교수, 국내 최고 AI 전문가 배순민 KT AI2XL 연구소장(상무) 등이 강연에 나선다. 
□ ‘포용적 스마트도시의 방향과 미래’를 주제로 한 두 번째 세션은 국내?외 연사가 스마트도시의 포용적 정책을 통해 각종 사회문제 해결방안을 모색해 본다.
  ○ 국제 도시계획 전문가인 텍사스대학교(알링턴 캠퍼스) 제니퍼 코울리(Jennifer Cowley, 미국) 총장, 국내 최고 AI 전문가이자 디지털플랫폼정부위원회 AI?데이터분과 위원장을 맡고 있는 하정우 네이버클라우드 AI 이노베이션 센터장, 서울시 디지털 행정을 총괄하고 있는 이상용 서울시 디지털수석 등이 연사로 참여한다. 

□ 마지막 세션은 전일(9.25.) 열린 ‘서울 스마트도시 상’ 시상식과 연계하여 스마트도시 목표 달성을 위한 평가와 지속가능한 관리에 유용한 도구로서 ‘인덱스’를 제안, 정책적 활용방안을 모색하여 지속가능한 스마트도시로 발전을 모색하는 시간을 갖는다.
  ○ 스마트시티 연구 분야 세계적 권위자인 브루노 랑방(Bruno Lanvin, 스위스) 국제경영개발대학원(IMD) 스마트시티연구소 회장, 정부기관 주요 정책 자문을 수행해 온 행정 전문가 이석원 서울대학교 행정대학원 교수, ‘서울 스마트도시 상’ 우수도시로 선정된 마드리드 시의 페르난도 데 파블로 마르틴(Fernando de Pablo Mart?n, 스페인) 디지털국장 등이 함께 한다.
  ○ 서울시는 전날인 9.25.(월) 서울시의 시정 핵심 철학인 ‘약자와의 동행’ 가치를 담아 도시 양극화 문제 해소와 포용적 성장을 촉진하는 스마트도시 우수 사례를 전 세계에 확산하고자 지난해 제정한 <제1회 서울 스마트도시 상> 시상식을 열고 총 21개 도시 및 기관?기업?개인에게 시상했다.
□ 각 세션에는 주제 발표에 나선 연사들이 직접 패널로 참여하는 ‘종합 토론’도 이뤄진다. 토론 시간에는 현장을 찾은 시민도 질의응답을 통해 궁금증을 해소하고 소통할 예정이다.

□ 포럼은 서울시 유튜브 채널을 통해 전 세계에 생중계돼 온라인으로 시청할 수 있으며, 행사 프로그램 등에 대한 자세한 사항은 공식 홈페이지(forum.seoul.go.kr)를 통해 확인할 수 있다.
















<첨부1>
2023 ‘서울 스마트시티 포럼’ 프로그램

시   간
내   용
비고
10:00~10:05
(5′)
 ? 개회선언, 오프닝 영상, 참석자 소개
3층 대회의실
10:05~10:10
(5′)
 ? 개회사(서울특별시장)
10:10~10:16
(6′)
 ? [축사] 김태수(주택공간위원회 부위원장), 유지범(성균관대 총장)
10:16~10:20
(4′)
 ? 기념촬영
10:25~11:05
(40′)
 ? [기조] 연설 및 대담
   (연설) Bill Banks EY 아·태 인프라스트럭처 총괄 리더 
   (대담) 지성우 포럼 자문위원장
11:05~12:35
(90′)
 ? [세션1] 디지털 기술의 도전과 미래
   (좌 장) 최민석 경희대 교수 
   (발표1) 안희철 법무법인 디라이트 변호사
   (발표2) 박경렬 KAIST 교수
   (발표3) 배순민 KT AI2XL 연구소장 
12:35~14:00
(85′)
 ? 휴식시간

14:00~15:30
(90)′
 ? [세션2] 포용적 스마트도시의 방향과 미래
   (좌 장) 김병준 국민대 교수 
   (발표1) Jennifer Cowley 텍사스대 알링턴캠퍼스 총장
   (발표2) 하정우 네이버클라우드 AI 이노베이션 센터장
   (발표3) 이상용 서울시 디지털수석
3층 대회의실
15:30~15:50
(20′)
 ? 휴식시간 

15:50~17:10
(80′)
 ? [세션3] 스마트도시의 기준, 스마트시티 인덱스
   (좌 장) 문명재 연세대 교수 
   (발표1) Bruno Lanvin 스위스 IMD 스마트시티연구소 회장
   (발표2) 이석원 서울대 교수   
   (발표3) Fernando de Pablo Mart?n 마드리드 시 디지털국장 
3층 대회의실
17:10~17:20
(10′)
 ? 폐회 및 마무리

"
LX,"


2023. 9. 26.(화) 석간용

이 보도자료는 2023년 9월 26일 오전 06:00부터 보도할 수 있습니다.


보도자료







담당부서:



디지털정책관 디지털정책담당관



디지털정책담당관
오경희
2133-2910

디지털정책기획팀장
이영미
2133-2912

디지털협력팀장
박미희
2133-2933

WeGO 수석
조은별
720-2937

사진없음 □
사진있음 ▣
쪽수: 6쪽
누 리 집
forum.seoul.go.kr/ssc2023
we-gov.org








9.26.(화) 스마트시티 협력의 장 'WeGO총회?스마트시티 포럼' 개최
 - 26일(화) ‘제6차 세계스마트시티기구(WeGO) 총회’, 오세훈 시장 의장으로 총회 주재
 - 회원 도시?기업 등 2백여 명 참석… 차기 의장?부의장 도시 및 총회 개최도시 선정
 - 오전 10시부터는 “디지털 혁신의 도전과 포용” 주제로 ‘2023 서울 스마트시티 포럼’
 - 포럼에선 팬데믹 이후 디지털 격차 해소를 위한 노력 등 공유… 유튜브 통해 생중계


□ 서울시는 9.26.(화) 14시 서울시청 본관 8층 다목적홀에서 세계스마트시티기구(WeGO) ‘제6차 WeGO총회’를 개최한다고 밝혔다. 이번 총회는 ‘스마트 도시, 스마트 시민(Smart City, Smart Citizen)’을 주제로, 오세훈 서울시장이 의장으로 총회를 주재한다.

□ 같은 날 오전 10시부터 시청 본관 3층에서는 ‘2023 서울 스마트시티 포럼(Seoul Smart City Forum 2023)’이 열려 ‘디지털 혁신의 도전과 포용’에 대한 열띤 논의가 이뤄질 예정이다.

<회원도시?기업 등 2백여 명 참석… 차기 의장?부의장 도시, 총회 개최도시 등 선정>
□ ‘제6차 세계스마트시티기구(WeGO)’ 총회에는 회원 도시, 기업, 기관, 파트너 대표 등 2백여 명이 참석해 WeGO 사무국과 세계 각 지역 본부의 연례 성과 보고, 향후 활동 계획 등을 논의한다.
  ○ 세계 도시?기업 간 스마트시티 분야 협력과 교류를 위해 2010년 서울시 주도로 출범한 세계도시전자정부협의체(WeGO)는 213개 회원 도시와 기업을 보유한 세계 최대 규모 국제도시 협의기구로, WeGO 집행위원회는 매년, 총회는 3년마다 정례적으로 열린다.

□ 이번 총회에서는 ?WeGO 정관 개정 ?차기('23~'26년) 의장?부의장 도시 및 집행도시 선출 ?2026년 제7차 WeGO 총회 개최도시 선정 등이 주요 안건으로 논의된다.
  ○ WeGO 총회 참석자들은 총회 기간 중 스마트서울전시관, 마곡LG사이언스파크 등을 방문해 서울의 첨단 스마트도시 기술을 경험할 예정이다.

<‘디지털 혁신의 도전과 포용’ 주제로 포럼… 디지털 격차 해소 위한 노력?사례 공유>
□ 오전 10시부터 열리는 ‘2023 서울 스마트시티 포럼(Seoul Smart City Forum 2023)’에서는 팬데믹 이후 더 커진 디지털 격차를 해소하기 위한 다양한 노력과 사례를 조명하고, 나아가 디지털 약자를 포용하는 정책을 집중적으로 살펴볼 예정이다.
  ○ 도시 문제 해결에 스마트도시 정책을 선도적으로 적용해 온 서울시는 글로벌 디지털 수도로서 위상을 정립하고 세계 도시, 기업, 학계 간 협력 네트워크를 구축하고자 지난 '16년부터 ‘서울 스마트시티 포럼’을 개최해 오고 있다.
□ 포럼에서는 세계 4대 컨설팅?회계 법인 중 한 곳인 EY(Ernst & Young, 언스트 앤 영) 아시아?태평양 인프라스트럭처 총괄 리더인 빌 뱅크스(Bill Banks, 호주)가 기조 연설자로 나서 ‘디지털 시대 시민을 위한 정부의 역할’을 주제로 발제하고, 지성우 성균관대학교 법학전문대학원 교수와 대담을 이어간다.
  ○ 빌 뱅크스 리더는 25년간 국제 스마트도시 개발 및 인프라 프로젝트에 대한 컨설팅한 ‘글로벌 공공 인프라 전문가’로 이번 포럼에서 도시-기업-시민 간 협력을 통해 포용적인 디지털 생태계를 구축할 수 있다는 메시지를 전달할 예정이다.
  ○ ICT 및 미디어 전문가로 주목받는 지성우 교수는 빌 뱅크스와의 대담을 통해 디지털 격차를 줄이고 공존, 공생할 수 있는 도시의 미래를 논의한다.        

□ 이어 글로벌 스마트도시 리더들과 IT 혁신을 이끄는 국내 최고 AI 전문가 등이 대거 연사로 나서며 팬데믹 이후 디지털 기술의 급격한 발전에 따른 사회의 변화, 포용적 스마트도시로 나아가기 위한 정책과 비전에 대해 심도 있는 발표와 토론이 진행된다.

□ 첫 번째 세션은 국내 연사를 주축으로 하여 ‘디지털 기술의 도전과 미래’를 주제로 디지털 기술의 급속한 발전과 사회 변화, 앞으로 나아가야 할 미래 기술과 사회상을 조망해 본다.
  ○ 스타트업 및 ICT 관련 법률 전문가 안희철 법무법인 디라이트 파트너 변호사, 글로벌 디지털 거버넌스 연구를 선도하는 박경렬 카이스트 교수, 국내 최고 AI 전문가 배순민 KT AI2XL 연구소장(상무) 등이 강연에 나선다. 
□ ‘포용적 스마트도시의 방향과 미래’를 주제로 한 두 번째 세션은 국내?외 연사가 스마트도시의 포용적 정책을 통해 각종 사회문제 해결방안을 모색해 본다.
  ○ 국제 도시계획 전문가인 텍사스대학교(알링턴 캠퍼스) 제니퍼 코울리(Jennifer Cowley, 미국) 총장, 국내 최고 AI 전문가이자 디지털플랫폼정부위원회 AI?데이터분과 위원장을 맡고 있는 하정우 네이버클라우드 AI 이노베이션 센터장, 서울시 디지털 행정을 총괄하고 있는 이상용 서울시 디지털수석 등이 연사로 참여한다. 

□ 마지막 세션은 전일(9.25.) 열린 ‘서울 스마트도시 상’ 시상식과 연계하여 스마트도시 목표 달성을 위한 평가와 지속가능한 관리에 유용한 도구로서 ‘인덱스’를 제안, 정책적 활용방안을 모색하여 지속가능한 스마트도시로 발전을 모색하는 시간을 갖는다.
  ○ 스마트시티 연구 분야 세계적 권위자인 브루노 랑방(Bruno Lanvin, 스위스) 국제경영개발대학원(IMD) 스마트시티연구소 회장, 정부기관 주요 정책 자문을 수행해 온 행정 전문가 이석원 서울대학교 행정대학원 교수, ‘서울 스마트도시 상’ 우수도시로 선정된 마드리드 시의 페르난도 데 파블로 마르틴(Fernando de Pablo Mart?n, 스페인) 디지털국장 등이 함께 한다.
  ○ 서울시는 전날인 9.25.(월) 서울시의 시정 핵심 철학인 ‘약자와의 동행’ 가치를 담아 도시 양극화 문제 해소와 포용적 성장을 촉진하는 스마트도시 우수 사례를 전 세계에 확산하고자 지난해 제정한 <제1회 서울 스마트도시 상> 시상식을 열고 총 21개 도시 및 기관?기업?개인에게 시상했다.
□ 각 세션에는 주제 발표에 나선 연사들이 직접 패널로 참여하는 ‘종합 토론’도 이뤄진다. 토론 시간에는 현장을 찾은 시민도 질의응답을 통해 궁금증을 해소하고 소통할 예정이다.

□ 포럼은 서울시 유튜브 채널을 통해 전 세계에 생중계돼 온라인으로 시청할 수 있으며, 행사 프로그램 등에 대한 자세한 사항은 공식 홈페이지(forum.seoul.go.kr)를 통해 확인할 수 있다.
















<첨부1>
2023 ‘서울 스마트시티 포럼’ 프로그램

시   간
내   용
비고
10:00~10:05
(5′)
 ? 개회선언, 오프닝 영상, 참석자 소개
3층 대회의실
10:05~10:10
(5′)
 ? 개회사(서울특별시장)
10:10~10:16
(6′)
 ? [축사] 김태수(주택공간위원회 부위원장), 유지범(성균관대 총장)
10:16~10:20
(4′)
 ? 기념촬영
10:25~11:05
(40′)
 ? [기조] 연설 및 대담
   (연설) Bill Banks EY 아·태 인프라스트럭처 총괄 리더 
   (대담) 지성우 포럼 자문위원장
11:05~12:35
(90′)
 ? [세션1] 디지털 기술의 도전과 미래
   (좌 장) 최민석 경희대 교수 
   (발표1) 안희철 법무법인 디라이트 변호사
   (발표2) 박경렬 KAIST 교수
   (발표3) 배순민 KT AI2XL 연구소장 
12:35~14:00
(85′)
 ? 휴식시간

14:00~15:30
(90)′
 ? [세션2] 포용적 스마트도시의 방향과 미래
   (좌 장) 김병준 국민대 교수 
   (발표1) Jennifer Cowley 텍사스대 알링턴캠퍼스 총장
   (발표2) 하정우 네이버클라우드 AI 이노베이션 센터장
   (발표3) 이상용 서울시 디지털수석
3층 대회의실
15:30~15:50
(20′)
 ? 휴식시간 

15:50~17:10
(80′)
 ? [세션3] 스마트도시의 기준, 스마트시티 인덱스
   (좌 장) 문명재 연세대 교수 
   (발표1) Bruno Lanvin 스위스 IMD 스마트시티연구소 회장
   (발표2) 이석원 서울대 교수   
   (발표3) Fernando de Pablo Mart?n 마드리드 시 디지털국장 
3층 대회의실
17:10~17:20
(10′)
 ? 폐회 및 마무리

"
LX,"

보도자료 | Press Release
560-500 전북 전주시 완산구 기지로 120(전북혁신도시)
T. 063 713 1000  F. 063 713 1800
www.lx.or.kr

Date(날짜) 
2023년 9월 3일(월)
Page(매수)
총 5매
담당부서
LX공간정보연구원 정책연구실/본사 홍보처
담당자
김 진 실장 / 이화정 차장 
연락처 
T: 063-906-5630 / 063-713-1166     e-mail: kj06@lx.or.kr/sprite@lx.or.kr
보도시점
즉시 보도 가능합니다. 


도시계획의 규제혁신 개정‘필요’ 
디지털트윈 연계 입체개발‘중요’
김정재 의원· 국토부 주최, 대한국토도시계획학회·LX공사 주관·후원
공간정보 활용한 도시공간 혁신추진방안 대토론회 산·학·연·관 참여

도시화·과밀화로 유연한 도시공간 개발의 필요성이 커지는 가운데 ‘공간정보를 활용한 도시공간 혁신 추진 방안’을 모색하는 토론회가 9월1일 국회도서관 강당에서 마련됐다.
  
김정재 의원(국민의힘)과 국토교통부(장관 원희룡)가 주최하고 대한국토도시계획학회(회장 김찬호)와 LX한국국토정보공사(사장 김정렬)가 주관·후원하는 토론회에서 3종 도시혁신구역 도입과 국토의 계획및이용에관한법률(이하 국토계획법) 개정의 필요성에 대해 공감대가 형성됐으며 디지털트윈의 필요성 또한 강조했다.     

국토계획법 개정안을 대표 발의한 김정재 의원(국토교통위 간사)은 개회사를 통해 “도시가 균형 있게 정비되고 건전하게 발전하려면 체계적인 도시계획 수립과 면밀한 검토가 이뤄져야 한다”면서 “공간정보를 활용한 도시계획을 통해 도시공간이 멋지게 재탄생되고 공간정보산업이 활성화될 수 있도록 법안 마련에 노력하겠다”고 밝혔다.
최인호 의원(국토교통위 간사·더불어민주당)도“스마트시티 발전, 교통체계의 최적화, 재난대응과 예방 등에서 공간정보는 혁신을 이끌어내는 열쇠”라면서 “공공 부문과 민간, 학계와 산업계의 협력을 강화하며 공간정보기술을 더욱 발전시킬 필요가 있다”고 밝혔다.

△ 3종 도시혁신구역 도입‘필요’, 공공 기여 기준 ‘중요’

국토교통부가 낡은 도시계획체계를 유연화하는 ‘도시계획 혁신방안’개정안을 추진하면서 토지용도, 용적률 등에 제한이 없는 융·복합 도시공간 조성을 위한 발전방안이 모색됐다.  

대한국토도시계획학회 권일 부회장(한국교통대 교수)은 주제 발표(도시혁신구역과 복합용도구역의 도입배경과 과제)를 통해 “대한민국은 OECD 국가 중 통근시간이 가장 긴 나라”라면서 “직주근접이 가능하고 융·복합 개발이 가능한 도시계획을 위해 도입된 3종 도시혁신구역이 성공하려면 민간의 적극적 참여와 신속한 개발을 유도하고 과도한 구역의 지정요건을 지양하되 난개발 방지를 위한 합리적 공공 기여 기준을 마련해야 한다”고 밝혔다.  

토론자로 나선 서울시 홍선기 미래공간기획관은 국토계획법 개정의 필요성에 적극 공감하면서도“공간혁신구역의 심의 권한이 중앙도시계획위원회가 되면 한계가 있다”면서 “도시혁신구역을 제한적으로 지정하고 공간 재구조화 계획 절차를 간소화하여 시간·비용을 절감해야 한다”고 제언했다. 

한겨레신문 최종훈 선임기자도 토론을 통해 “공간혁신구역이 지정된 후 지가 상승에 따른 공공 기여 방식이 사전협상이다 보니 사업 종료 시 많은 개발이익이 발생할 경우 공적 환수가 어려워질 수 있으니 재검토해야 한다”면서 “디지털트윈과 같은 공간정보기술과 민간 역량을 도시혁신구역에 적용해 세계적 랜드마크로 만들기 위한 LX의 역할이 중요하다”고 조언했다.  

이에 대해 국토교통부 정진훈 도시정책과장은 “시·군이 공간혁신구역으로 지정해 규제를 대거 풀 경우 공정성 문제가 발생할 수 있다”면서 “중앙도시계획위원회의 심의 절차를 밟지만 결정권과 입안권은 지자체가 갖도록 절충하고 있으며 공간 재구조화 계획의 간소화에 관해서도 지속적 논의를 통해 가장 합리적인 안을 도출하겠다”고 밝혔다.  

△도시계획에 디지털트윈 접목 필요

정부가 시대 변화에 맞게 경직된 도시계획 체계를 개편하고 더 나아가 효율적 도시 관리를 위해 디지털트윈이 접목돼야 한다는 주장이 제기됐다. 

서울시립대 이희정 교수는 주제발표(빅데이터 기반 도시계획 수립을 위한 공간정보 활용방안)를 통해 “실증도시로 선정된 부산·천안·담양이 빅데이터와 인공지능 플랫폼을 연결하여 15분 도시, 콤팩트시티, 인구감소 강소도시 등 맞춤형 도시계획을 수립할 계획”이라면서 “장기적으로 LX공사의 디지털트윈과 접목시켜 빅데이터 기반 도시계획을 수립한다면 정책 실패의 기회비용 최소화, 재정 투자의 효율성을 높여주게 될 것”이라고 말했다.  

국토연구원 김대종 공간정보사회연구본부장도 토론을 통해 “우리의 모든 활동이 공간정보와 융합되고 시각화되며 부가가치가 창출되는 시대에 이르렀지만 이를 잘 활용하지 못하는 분야가 공공”이라면서 “기초조사정보체계도 5년마다 갱신하는 것이 아니라 실시간으로 데이터를 구축해 모니터링하고 분석해야 하며 디지털트윈 기반으로 고도화되어야 한다”고 주장했다. 

토론자 가천대 이상경 교수도 “BIM(Building Information Modeling)이 건축 시공에 활용되고 있으나 개발·사후관리와는 연계가 안 돼 한계가 있다”면서 “대규모 입체·복합 도시 개발의 경우 공간정보 기반의 디지털트윈을 적극 활용되어야 한다”고 강조했다. 

△정부·공공 데이터의 품질관리 ‘시급’ 

다만 디지털트윈 등 공간정보를 활용한 효율적 입체·복합 개발을 하려면 데이터의 정합성과 활용성이 중요한 문제로 대두됐다. 

 ㈜신영이에스티 함영한 대표는 주제발표(도시계획 관련 공간정보산업 활성화 방안)를 통해 “행정안전부가 인구감소지역 지원 특별법과 시행령에 생활인구 개념을 명시화한 것은 많은 시사점이 있다”면서 “공간정보 기반으로 도시계획이 활성화되려면 정부는 데이터의 표준화·법제도·플랫폼을 마련하고, 지자체는 데이터의 생성·개방에 주력하며, 민간은 데이터의 분석·발굴하는 서비스를 만들도록 산·학·연·관 거버넌스가 확립되어야 한다”고 했다.  

토론자 ㈜빅밸류 구름 대표이사는 “공간정보산업이 정부 주도로 발전하다 보니 시장의 수요에 부응하지 못했다. 이제는 데이터 자체로 부가가치를 창출하는 구조가 돼야 한다”면서“도시계획도 수많은 심의와 절차를 거쳐 도시와 사람이 협업해 결과물을 도출하므로 데이터 전수조사를 토대로 인공지능을 도입하면 획기적으로 발전할 수 있을 것”이라고 기대했다. 
 
국토교통부 오성익 지적재조사기획관도 토론을 통해 “공간정보 기반으로 도시계획을 하려면 데이터의 중요성이 다시 강조돼야 한다”면서 “이런 연장선에서 토지대장 정보를 바로잡는 지적재조사를 가속화하여 입체 지적이 활용될 수 있도록 노력하겠다. 특별히 서울시가 지적재조사에 많은 관심을 가져달라”고 강조했다.

토론의 좌장을 맡은 이승일 서울시립대 교수는 “LX공사처럼 공공 데이터를 잘 개방하는 것도 중요하지만 도시공간을 혁신하려면 민간 데이터와 잘 결합되고 융합되도록 하는 공공의 역할이 더욱 중요하다”고 덧붙였다. 

국토교통부 원희룡 장관을 대신해 참석한 최임락 국토도시실장은 “정부는 공간정보를 기반으로 AI를 접목하여 도시계획을 추진하는 방안을 연구 중”이라면서 “새로운 공간혁신구역에서 공간정보를 통해 데이터 기반의 체계적인 도시계획 수립이 가능할 것으로 기대한다”고 밝혔다. 
 
LX공사 김정렬 사장도 “인구의 91%가 살고 있는 비좁은 도시공간을 입체·복합적으로 활용하지 않으면 돌파구가 없다”면서 “모든 도시 데이터를 공간정보라는 그릇과 플랫폼에 담고 다양한 분야에서 입체공간정보가 활용될 수 있도록 최선을 다하겠다”고 밝혔다. 

한편, 이날 토론회에는 국토교통위원회 박재유 수석전문위원, 한국방재학회 최상현 회장, 한국부동산법학회 이춘원 회장, 한국행정학회 이덕로 회장, 한국공간정보산업협회 김석종 회장, 공간정보산업진흥원 손우준 원장, 국토교통과학기술진흥원 박남회 본부장 등이 참석해 공간정보산업 발전과 도시공간 혁신을 위해 머리를 맞댔다. 

붙임 사진 6매.
붙임1. 김정재 의원과 국토교통부가 주최하고 대한국토도시계획학회와 LX한국국토정보공사가 주관·후원하는‘공간정보를 활용한 도시공간 혁신 추진 방안’을 모색하는 대토론회가 9월1일 국회도서관 강당에서 개최된 가운데 패널들이 토론을 하고 있다.
붙임2-1. 김정재 의원(국토교통위 간사·국민의힘)이 ‘공간정보를 활용한 도시공간 혁신 추진 방안’을 모색하는 대토론회에서 개회사를 하고 있다. 
붙임2-2. 최인호 의원(국토교통위 간사·더불어민주당)이 ‘공간정보를 활용한 도시공간 혁신 추진 방안’을 모색하는 대토론회에서 축사를 하고 있다.
붙임2-3. LX공사 김정렬 사장이 ‘공간정보를 활용한 도시공간 혁신 추진 방안’을 모색하는 대토론회에서 환영사를 하고 있다. 
붙임3. ‘공간정보를 활용한 도시공간 혁신 추진 방안’을 모색하는 대토론회가 9월1일 국회도서관 강당에서 개최된 가운데 김정재·최인호 의원과 LX공사 김정렬 사장을 비롯한 패널들이 참석했다. 
  
"
과기부,"    과학기술정보그림입니다. 원본 그림의 이름: 과학기술정보통신부_국_좌우.jpg 원본 그림의 크기: 가로 598pixel, 세로 114pixel통신부

보도자료

그림입니다. 원본 그림의 이름: 다시 대한민국! 새로운 국민의 나라.png 원본 그림의 크기: 가로 2525pixel, 세로 1026pixel

 
보도시점

2023. 8. 31.(목) 12:00

(2023. 9. 1.(금) 조간)

배포

2023. 8. 31.(목) 09:00

 
 

디지털플랫폼정부 최상위 통합플랫폼,

‘DPG허브’ 설계 착수

- 민간·공공의 데이터·서비스를 안전하게 연결·융합하는 통합플랫폼 구현 목표 -

 
 

  디지털플랫폼정부위원회(위원장 고진, 이하 ‘위원회’)는 과학기술정보통신부(장관 이종호, 이하 ‘과기정통부’)·한국지능정보사회진흥원(원장 황종성, 이하 NIA)과 함께 디지털플랫폼정부 최상위 통합플랫폼으로 자리매김할 ‘DPG허브’의 상세설계를 위한 ‘DPG허브 정보화전략계획 착수보고회’를 31일 개최하였다.

 

  디지털플랫폼정부 허브(‘DPG허브’)는 민간·공공의 데이터와 서비스가 안전하게 연결·융합할 수 있도록 지원하는 민간 클라우드 기반 통합플랫폼으로 위원회가 지난 4월 발표한 「디지털플랫폼정부 실현계획」의 핵심과제 중 하나이다.

 

  ‘DPG허브’는 ▲디지털 자원등록저장소, ▲디지털 파이프라인, ▲원스톱간편인증 등의 기능을 탑재하여 정부 부처 간, 민간과 공공 간 데이터·서비스 칸막이를 해소하고 민간 주도의 혁신 서비스 개발에 기여할 수 있도록 구현할 예정이다.

< DPG허브 핵심 기능>

디지털 자원등록저장소 

? 민간·공공에서 제공하는 API를 쉽게 찾을 수 있도록 API 등록·저장 및 검색·활용 등을 지원

디지털 파이프라인

? 제공자와 이용자의 안전·상호호환 운영을 위한 API 연결 기반 통신·보안, API 요청·응답, 트래픽 등 제어

원스톱 간편인증

? 한 번의 인증 처리 후 권한을 부여받을 수 있는 통합인증 기능

? 민간·공공의 API를 연계할 때 재인증 절차 최소화할 수 있는 인증 Key 통합관리 방안

 
 
  이번 착수보고회에는 위원회 내 17개 TF 중 하나인 ‘DPG허브 TF’ 위원들도 자문단으로 참석하여 디지털플랫폼정부 기본원칙을 바탕으로 DPG허브 설계 방향 및 구현 방안에 대한 다양한 의견을 제시하였다.

 

  한편, 위원회와 과기정통부는 ‘DPG허브’와 더불어 디지털플랫폼정부 혁신인프라를 구성하는 ‘테스트베드’, ‘데이터레이크’를 지원하는 사업을 지난 7월 착수한 바 있다.

 

  ‘테스트베드’는 혁신적 서비스를 개발하는 중소벤처·일반시민을 위해 서비스 개발·시험·실증에 필요한 테스트 환경을 제공하고, 기술지원을 제공하는 디지털플랫폼정부 인프라이며, ‘데이터레이크’는 테스트베드와 연계하여 민간 활용도가 높은 데이터(민원·헬스케어·스마트시티·소상공인 등)를 분야별로 정제·축적하여 민·관이 공동 활용할 수 있도록 개방하고 분석환경 등을 지원하는 인프라로, 필수 기능 구현을 완료하는 대로 연내 서비스를 개시할 계획이다.

 

  디지털플랫폼정부위원회 이승현 플랫폼기획국장은 “수많은 민간·정부 영역의 서비스와 데이터가 상호 원활하게 연계·연동되고 이를 토대로 아이디어를 가진 누구나 국민이 편리한 혁신 서비스를 개발할 수 있도록 ‘DPG허브’를 구현하는 데 최선을 다하겠다.”고 밝혔다.

 

  과기정통부 엄열 인공지능기반정책관은 “디지털플랫폼정부 인프라의 조속한 구현을 통해 기존 공공 주도로 이루어진 서비스 개발·제공을 넘어 민간 주도로 혁신 서비스가 창출될 수 있도록 앞으로도 많은 지원을 하겠다”고 밝혔다.

 

담당 부서

과학기술정보통신부

책임자

과  장

최광기

(044-202-6114)

 

디지털플랫폼정부지원과

담당자

사무관

권상욱

(044-202-6158)

< 공동 >

디지털플랫폼정부위원회

책임자

과  장

윤희봉

(02-750-4781)

 

플랫폼기획과

담당자

사무관

박영규

(02-750-4782)

< 공동 >

한국지능정보사회진흥원

책임자

팀  장

윤희근

(053-230-1731)

 

플랫폼기술전략팀

담당자

선  임

강현우

(053-230-1797)

 
그림입니다. 원본 그림의 이름: 정책브리핑제호.jpg 원본 그림의 크기: 가로 94pixel, 세로 33pixel 

 "
